<PAD>	1000000000
<UNK>	1000000000
<S>	1000000000
</S>	1000000000
的	8461
是	2047
和	1836
在	1784
了	1426
中国	1336
一	1172
对	960
发展	847
不	829
中	829
两	789
国	730
个	715
这	686
有	657
要	639
与	632
美国	630
经济	592
说	579
他	564
也	552
上	544
关系	543
问题	530
国家	517
将	509
为	494
台湾	481
新	481
年	477
就	455
人民	435
我们	434
各	427
政府	395
工作	355
大	346
合作	339
重要	335
都	322
还	315
次	313
社会	295
以	285
地	284
能	280
表示	275
建设	263
会	260
党	260
进行	259
多	256
国际	254
人	253
世界	250
并	249
来	246
而	243
美	240
但	236
地区	224
到	224
从	223
种	223
三	222
已	222
等	219
方面	218
政策	217
全	216
加强	215
政治	210
和平	210
日	210
企业	208
此	205
月	202
代表	199
后	188
我国	187
更	185
会议	182
下	182
实现	181
江泽民	181
把	180
指出	179
组织	178
改革	178
日本	177
必须	176
世纪	176
岸	175
历史	174
统一	174
着	172
时	171
认为	170
我	170
向	168
双方	168
没有	167
共同	167
其	167
技术	161
教育	160
稳定	159
市场	158
原则	157
军事	156
友好	155
支持	154
进一步	153
思想	152
他们	152
一些	151
最	151
好	150
使	149
要求	149
民族	148
所	146
战略	144
访问	143
强调	142
有关	142
努力	141
之	141
继续	140
记者	140
解决	138
领导	138
坚持	138
安全	137
已经	137
应	137
项	136
领导人	136
活动	136
不断	134
提出	134
可以	131
自己	131
北京	131
同	131
利益	130
希望	129
总统	126
影响	126
基础	126
干部	124
计划	124
主席	123
同时	122
这个	122
社会主义	121
目前	120
取得	120
很	120
通过	120
作为	119
今年	119
积极	119
又	117
中央	117
于	116
管理	116
提高	115
高	115
这些	115
举行	114
建立	114
今天	111
情况	111
领域	111
本	110
及	109
制度	109
祖国	108
才	108
大陆	107
法轮功	107
根本	106
可	106
人权	106
导弹	105
成为	104
环境	103
主要	102
作用	101
推动	101
香港	100
实施	100
当局	99
开发	99
布什	99
贸易	98
部门	96
由	94
维护	94
发生	94
重视	93
如果	92
以来	92
西部	91
战争	91
现在	91
作出	91
被	91
增长	90
促进	90
俄	89
去年	89
需要	89
扩大	88
第一	88
法律	88
形势	88
文化	88
信息	87
前	86
位	85
充分	84
现代化	84
重大	84
精神	84
正	83
措施	83
得	82
可能	82
提供	82
保持	81
之间	81
具有	81
反对	81
条件	81
华	81
任务	80
调整	80
朝鲜	80
武器	80
研究	79
只	79
因此	77
五	77
系统	76
开放	76
全面	76
基本	76
联合国	76
任何	76
决定	76
科学	76
西藏	76
内	76
人员	76
再	75
科技	75
采取	75
级	75
力量	74
看	74
军队	74
群众	74
名	73
投资	73
据	73
交流	73
俄罗斯	73
得到	72
意见	72
部分	72
事业	72
能力	72
开展	72
给	72
中共	72
台独	72
条	71
一定	71
立场	71
访	71
了解	71
公司	71
用	70
该	70
监督	70
金融	70
过	69
完全	69
存在	69
几	69
事实	69
许多	69
资源	68
目标	68
外交	68
李鹏	67
中方	67
只有	67
利用	67
经贸	67
谈判	66
十分	66
曾	66
但是	66
人大	66
体制	66
事件	66
包括	65
这样	65
实践	65
结构	65
应该	65
开始	65
民主	65
规定	64
处理	64
行动	64
斗争	64
创新	64
出现	63
成功	63
加入	63
进入	63
理论	63
当前	63
未来	63
保障	63
主权	62
加快	62
发挥	62
中华	62
台	62
水平	62
良好	62
作	62
期间	62
人士	61
讲话	61
生产	60
学习	60
改善	60
联合	60
高度	60
人们	60
其他	60
它	59
保护	59
未	59
对话	59
财政	59
亚洲	59
意义	58
严重	58
总理	58
分裂	58
机关	58
变化	58
关于	58
或	58
出	57
小	57
部队	57
元	57
机构	57
深入	57
讲	57
届	57
表明	57
参加	56
由于	56
亿	56
地位	56
国防	56
认识	56
增加	55
做	55
作战	55
势力	55
邪教	55
应当	54
不仅	54
发表	54
农业	54
人才	54
对于	54
推进	54
同志	54
事	54
仍	54
工程	53
近	53
进程	53
生活	53
直接	53
会谈	53
正确	53
今后	53
责任	53
朱镕基	53
每	52
之一	52
克林顿	52
却	52
官员	52
不同	52
新闻	52
欢迎	52
一直	52
美方	52
起	51
坚决	51
带来	51
成果	51
更加	51
去	51
大会	51
则	51
农村	51
友谊	51
至	50
国内	50
始终	50
二	50
以及	50
态度	50
接受	50
国有	50
而且	50
落实	50
时期	50
朝	50
正在	49
关键	49
报道	49
产业	49
电	49
贯彻	49
随着	48
贡献	48
人类	48
报告	48
装备	48
看到	48
巨大	48
十五	48
手段	48
共产党	48
会见	48
过去	48
重点	48
相互	48
为了	47
天	47
有效	47
长期	47
内容	47
传统	47
因为	47
制定	47
委员会	47
中心	47
条约	47
时间	46
领土	46
时代	46
甚至	46
地方	46
过程	46
特别是	46
农民	46
部署	46
方式	46
陈水扁	46
一切	46
共识	46
方针	46
符合	45
让	45
资金	45
所谓	45
阶段	45
结束	45
能够	45
产生	45
准备	45
依法	45
印度	45
完善	45
进步	45
挑战	45
防御	45
专家	44
受到	44
保证	44
实际	44
创造	44
质量	44
竞争	44
国民	44
协议	44
服务	44
美军	44
其中	44
会晤	44
第二	43
比	43
经营	43
网络	43
认真	43
李登辉	43
广大	43
原因	43
面临	43
马克思主义	43
经验	43
行为	43
深刻	43
上海	43
国务院	43
打击	43
nmd	43
发展中	42
第三	42
制	42
对外	42
美元	42
参与	42
承认	42
成立	42
全球化	42
完成	41
根据	41
因素	41
非常	41
主张	41
方向	41
素质	41
达成	41
平等	41
修改	41
全球	40
之后	40
有利于	40
宣传	40
双边	40
交换	40
增强	40
相信	40
形成	40
出席	40
机遇	40
执行	40
形式	40
关注	40
如	39
搞	39
什么	39
强烈	39
组成	39
知识	39
所有	39
犯罪	39
问	39
机制	39
四	39
使用	39
愿	39
首脑	39
江	39
分子	39
委员	39
亚酞	39
单位	39
广泛	39
非	39
如何	39
现实	38
表现	38
是否	38
体现	38
称	38
越	38
改变	38
代表团	38
受	38
你	38
面对	38
无	38
明确	37
想	37
公开	37
实行	37
朱	37
建议	37
出口	37
力度	37
造成	37
新华社	37
首先	37
经过	37
达到	37
里	37
交往	37
飞机	37
中东	37
既	36
达	36
切实	36
深化	36
感到	36
近年	36
起来	36
伙伴	36
局势	36
困难	36
自	36
普京	35
最终	35
现代	35
此外	35
她	35
感谢	35
较	35
适应	35
核心	35
明显	35
注意	35
结合	35
钱其琛	35
议会	35
团结	35
先进	35
家	34
结果	34
事务	34
证明	34
部长	34
来自	34
权利	34
西方	34
正式	34
胡锦涛	34
进展	34
快速	34
尊重	33
英国	33
打	33
召开	33
越来越	33
健康	33
常委会	33
委员长	33
承诺	33
给予	33
集团	33
宣布	33
加大	33
趋势	33
省	33
民众	33
首	33
建交	33
繁荣	33
然而	33
接触	33
极	32
虽然	32
共	32
大量	32
另	32
合理	32
成员	32
谈	32
收入	32
同胞	32
范围	32
指导	32
城市	32
具体	32
介绍	32
引起	32
报	32
宗教	32
愿意	32
革命	31
间	31
如此	31
按照	31
驻	31
目的	31
占	31
威胁	31
令	31
集中	31
选择	31
特点	31
媒体	31
韩国	31
全体	30
世贸	30
特别	30
万	30
关心	30
不少	30
优势	30
持续	30
行政	30
金字旁容基	30
做好	30
普遍	30
因	30
还是	30
基层	30
最高	30
真正	30
反	30
难以	30
独立	30
不过	30
海峡	30
一贯	30
冷战	30
只要	30
半岛	30
欧洲	30
演习	30
系列	29
说明	29
外资	29
最近	29
上述	29
场	29
必要	29
军	29
大学	29
政协	29
成	29
高兴	29
批	29
势头	29
文明	29
年代	29
高层	29
预算	29
再次	29
欧	29
运用	29
三通	29
比较	28
电子	28
体系	28
顺利	28
培养	28
总	28
外	28
限制	28
外国	28
并不	28
走	28
基地	28
那	28
允许	28
道路	28
危机	28
个人	28
李洪志	28
回答	27
发达	27
程度	27
标准	27
状况	27
党委	27
早	27
履行	27
均	27
少数	27
wto	27
尽管	27
全国	27
投入	27
干涉	27
水	27
舆论	27
理解	27
周年	27
现象	27
海军	27
澳门	26
突出	26
银行	26
负责	26
重申	26
方	26
意识	26
欧盟	26
走向	26
外交部	26
逐步	26
破坏	26
规模	26
考虑	26
深	26
综合	26
帮助	26
项目	26
行	26
必然	26
解放	26
总书记	26
点	26
批评	26
邀请	26
对抗	26
有些	26
一样	25
讨论	25
评价	25
矛盾	25
外长	25
产品	25
愿望	25
以上	25
安理会	25
前提	25
生产力	25
腐败	25
增进	25
老	25
新疆	25
复杂	25
很多	25
推行	25
件	25
入世	25
国民党	25
大力	25
分别	25
调查	25
论坛	25
巴	25
粮食	24
分析	24
至今	24
国会	24
事情	24
重	24
经历	24
规划	24
邓小平	24
请	24
看法	24
正常	24
必	24
在内	24
人口	24
当然	24
我军	24
决策	24
前进	24
伟大	24
抓好	24
即	24
段	24
整体	24
南	24
此间	24
伊拉克	24
难	24
秩序	24
唐家璇	24
集体	24
王伟	24
经	23
代	23
相关	23
以色列	23
下午	23
审议	23
最后	23
第四	23
前景	23
下去	23
减少	23
共和国	23
工业	23
来说	23
冲突	23
以后	23
从事	23
训练	23
巴勒斯坦	23
成就	23
办法	23
上午	22
充满	22
坚定	22
文章	22
做法	22
法院	22
巩固	22
八	22
就业	22
九	22
成效	22
发言人	22
在于	22
速度	22
整个	22
虽	22
需求	22
内政	22
相当	22
发言	22
印	22
空间	22
互利	22
无法	22
飞行	22
古巴	22
损害	22
设施	21
人民币	21
予以	21
特色	21
双	21
缺乏	21
探索	21
空军	21
公安	21
自由	21
话	21
统计	21
一致	21
民进党	21
改进	21
改造	21
便	21
热烈	21
严格	21
获得	21
十	21
处	21
赞赏	21
发现	21
同意	21
满意	21
热情	21
签署	21
快	21
超过	21
恢复	21
北约	20
侵略	20
完整	20
失败	20
生命	20
站	20
农产品	20
日益	20
你们	20
靠	20
当	20
资本	20
出来	20
自身	20
低	20
采访	20
透露	20
分歧	20
当今	20
向前	20
规范	20
亲切	20
效益	20
放弃	20
仍然	20
遵守	20
主题	20
路线	20
制造	20
声明	20
批准	20
联系	20
检查	20
选举	20
负责人	20
拥有	20
重新	20
确保	20
北	20
信任	20
怎样	20
层次	20
军售	20
政党	20
首相	20
抓住	20
鲍威尔	20
岁	19
差距	19
机会	19
立即	19
压力	19
伊朗	19
迅速	19
绝对	19
据悉	19
职能	19
一再	19
呼吁	19
演练	19
风险	19
奋斗	19
反映	19
队伍	19
有的	19
转变	19
历来	19
作风	19
宪法	19
职责	19
步	19
安排	19
呢	19
问候	19
小组	19
依靠	19
考察	19
密切	19
观念	19
提案	19
本质	19
强大	19
各自	19
来到	19
针对	19
绝	19
侦察	19
华人	19
告诉	19
突破	19
厦门	19
中国人	18
底	18
生态	18
行业	18
公布	18
方法	18
资产	18
肯定	18
某	18
开	18
约	18
确定	18
即将	18
局面	18
机场	18
协调	18
相应	18
海外	18
谈到	18
权力	18
反华	18
贫困	18
以下	18
同样	18
性质	18
霸权主义	18
阶级	18
党员	18
追求	18
执政	18
搞好	18
司法	18
回归	17
几乎	17
像	17
连	17
手	17
论	17
客观	17
反应	17
政权	17
案件	17
强	17
制裁	17
成员国	17
消息	17
尽快	17
青少年	17
副总理	17
指挥	17
武力	17
义务	17
仅	17
消除	17
草案	17
法制	17
实力	17
座谈会	17
丰富	17
导致	17
书记	17
协商	17
言	17
这里	17
谁	17
不满	17
李岚清	17
展开	17
法	17
所以	17
防止	17
避免	17
控制	17
清醒	17
持	17
初	17
培训	17
商业	17
转达	17
课题	17
违反	17
侵犯	17
九五	17
标志	17
大业	17
圆满	17
违法	17
当时	17
尚	17
涉及	17
危险	17
显示	17
韩	17
属于	17
值得	17
核武器	16
议员	16
按	16
国外	16
取消	16
特殊	16
学校	16
市	16
财产	16
国务卿	16
伊	16
背景	16
主持	16
强化	16
举措	16
科研	16
磋商	16
消费	16
规则	16
有所	16
总体	16
那么	16
无疑	16
冲击	16
副主席	16
决心	16
诚意	16
紧张	16
竞争力	16
决议	16
各界	16
将来	16
族	16
经常	16
法规	16
能源	16
自主	16
协定	16
上台	16
途径	16
举	16
奉行	16
六	16
当地	16
工资	16
知道	16
德国	16
祝贺	16
确实	16
做出	16
赢得	16
大战	16
说法	16
非洲	16
全部	16
激烈	16
反导	16
拒绝	16
区域	16
官兵	16
发射	16
武装	15
半	15
种种	15
平均	15
刚刚	15
前途	15
飞行员	15
规律	15
攻击	15
多数	15
业务	15
电视	15
动员	15
家庭	15
制约	15
能否	15
先进性	15
潜艇	15
具备	15
时候	15
振兴	15
转向	15
禁止	15
依照	15
有利	15
那些	15
初步	15
谋求	15
商务	15
元首	15
开拓	15
企图	15
留下	15
近日	15
彼此	15
某些	15
遇到	15
华侨	15
高级	15
抓	15
动力	15
明年	15
卫星	15
购买	15
妥善	15
亚	15
撞机	15
居民	14
变	14
行径	14
属	14
成绩	14
错误	14
非法	14
朱邦造	14
吗	14
抵达	14
土地	14
负担	14
长远	14
角度	14
出售	14
所在	14
观点	14
模式	14
自然	14
价值	14
长	14
尉健行	14
内地	14
那样	14
需	14
步伐	14
平衡	14
健全	14
不管	14
大局	14
把握	14
有力	14
不懈	14
重要性	14
意味	14
尤其是	14
内部	14
没	14
朋友	14
事故	14
沿海	14
当选	14
致力于	14
竞选	14
美国人	14
研制	14
类	14
一旦	14
危害	14
睦邻	14
巴基斯坦	14
县	14
国防部	14
英	14
吕秀莲	14
大使	14
议长	14
真	14
十月	14
一行	14
先生	14
战线	14
亦	14
宏观	14
期待	14
六月	14
对方	14
夫人	14
担心	14
历史性	14
见	14
酞空	14
除了	14
右翼	14
日前	13
胜利	13
发行	13
停止	13
支	13
大家	13
指	13
感情	13
引导	13
千	13
计算机	13
毛泽东	13
遭到	13
昨天	13
图谋	13
决	13
公报	13
掌握	13
早日	13
及时	13
承担	13
构成	13
除	13
成本	13
立法	13
物质	13
国债	13
全会	13
战略性	13
思维	13
做到	13
暴力	13
一道	13
紧密	13
至于	13
设备	13
放	13
治理	13
信心	13
之中	13
衷心	13
京	13
招待会	13
维持	13
程序	13
处于	13
严峻	13
警惕	13
番	13
清楚	13
思路	13
空中	13
台商	13
落后	13
面向	13
区	13
举办	13
网	13
航天	13
支付	13
传媒	13
教训	13
参观	13
表达	13
中外	13
运行	13
互访	13
中亚	13
公正	13
赴	13
当年	13
选拔	13
总结	13
唯一	13
保险	13
显然	13
迟浩田	13
本人	13
华盛顿	13
防空	13
求	13
自治区	13
活力	13
会计	13
条例	13
任	13
加剧	13
马	13
互联网	13
更为	13
奠定	13
痴迷者	13
遏制	12
品种	12
轮	12
优惠	12
信念	12
军备	12
就职	12
消极	12
税收	12
障碍	12
争取	12
军区	12
战术	12
文件	12
左右	12
价格	12
理想	12
主动	12
期	12
权益	12
提升	12
乃至	12
无论	12
怎么	12
省委	12
保卫	12
李瑞环	12
原来	12
来访	12
离开	12
编制	12
广阔	12
运作	12
议案	12
道德	12
特区	12
呈现	12
连续	12
遭受	12
达赖	12
职工	12
只是	12
台海	12
议题	12
党派	12
贷款	12
谈话	12
大选	12
公里	12
优秀	12
直	12
今日	12
拦截	12
侦察机	12
者	12
究竟	12
知	12
引发	12
信息化	12
分配	12
联盟	12
公约	12
情报	12
前往	12
院校	12
采用	12
章启月	12
学者	12
分	12
上市	12
主导	12
克服	12
报导	12
台北	12
酞平洋	12
专项	12
代价	12
二十一	12
依然	12
领空	12
合法	12
与会	12
自焚	12
严打	12
悠久	11
潜力	11
敌人	11
另外	11
相对	11
应用	11
广东	11
毒品	11
引进	11
跟	11
抗议	11
何	11
人道主义	11
人事	11
分割	11
港	11
硬	11
二月	11
协助	11
防范	11
资料	11
往往	11
严肃	11
年度	11
住	11
彻底	11
解释	11
常委	11
容	11
委员们	11
研讨会	11
协作	11
相	11
指标	11
有限	11
军方	11
祝愿	11
意志	11
艰苦	11
随后	11
反腐败	11
起到	11
交	11
方案	11
下来	11
围绕	11
年轻	11
部	11
显着	11
变革	11
损失	11
时刻	11
紧迫	11
若	11
审计	11
暴露	11
强硬	11
一般	11
公民	11
先	11
曾经	11
似乎	11
当天	11
交通	11
跨国	11
官方	11
工人	11
阁下	11
设立	11
或者	11
信仰	11
付出	11
答	11
富裕	11
对待	11
满足	11
高等	11
视为	11
为主	11
裁军	11
从来	11
民间	11
协会	11
一系列	11
台阶	11
配合	11
不久	11
法国	11
若干	11
负有	11
试验	11
奥运会	11
干	11
隆重	11
布希	11
面前	10
对付	10
听	10
专利	10
远	10
下降	10
享受	10
学生	10
典型	10
股票	10
发出	10
型	10
奥尔布赖特	10
后果	10
思考	10
哪些	10
推向	10
评论	10
干扰	10
权威	10
其它	10
白皮书	10
舰队	10
进口	10
套	10
些	10
动摇	10
办公室	10
至关	10
劳动	10
神圣	10
接待	10
七	10
谴责	10
上升	10
内需	10
总值	10
解放军	10
霸道	10
民事	10
财务	10
辉煌	10
宝贵	10
加深	10
其次	10
股	10
人心	10
拖延	10
失业	10
状态	10
它们	10
框架	10
国际法	10
户	10
通报	10
看待	10
岛	10
倍	10
孙玉玺	10
伤亡	10
前所未有	10
为什么	10
境内	10
身	10
生存	10
迎接	10
新型	10
实际上	10
现状	10
纷纷	10
回应	10
言论	10
五月	10
摆脱	10
真实	10
和解	10
打破	10
战机	10
工业化	10
青年	10
缺	10
运动	10
频繁	10
回避	10
找到	10
海协	10
边界	10
演说	10
潮流	10
失去	10
您	10
调控	10
仪式	10
培育	10
众所周知	10
石油	10
一点	10
朝韩	10
越南	10
七月	10
谢长廷	10
高雄	10
牺牲	10
枚	10
龙永图	10
出发	10
印尼	10
的话	10
父母	10
军用	10
民主党	10
智利	10
东西	10
印象	10
新加坡	10
东盟	10
经合	10
架	10
教科书	10
七一	10
换	9
设计	9
反复	9
检验	9
通信	9
别人	9
核	9
外来	9
特征	9
尊严	9
担任	9
部长级	9
担忧	9
办	9
干预	9
形态	9
空袭	9
愤慨	9
待遇	9
鼓励	9
深圳	9
且	9
刺激	9
竞赛	9
网站	9
温家宝	9
历程	9
收支	9
办理	9
建设性	9
总之	9
公共	9
成长	9
钱	9
外贸	9
澳	9
战斗	9
汇率	9
考验	9
价值观	9
回到	9
鼓吹	9
之际	9
妇女	9
原	9
高于	9
恐怕	9
台湾岛	9
政治局	9
海南	9
优先	9
阐述	9
外商	9
破产	9
资本主义	9
缓解	9
扶贫	9
位置	9
巡航	9
赤字	9
号	9
构想	9
防护	9
见面	9
报纸	9
逐渐	9
旧	9
优良	9
否认	9
远远	9
气氛	9
脱困	9
货币	9
精力	9
相反	9
大胆	9
路	9
共和党	9
道理	9
其实	9
如今	9
大批	9
成熟	9
互信	9
艘	9
科索沃	9
从而	9
工作者	9
教师	9
民营	9
泰	9
纲领	9
大规模	9
张	9
迄今	9
明白	9
加紧	9
多极化	9
组建	9
言行	9
末	9
表述	9
战场	9
军国主义	9
走私	9
审批	9
依据	9
写	9
毫	9
标题	9
几十	9
莫斯科	9
负面	9
难度	9
专业	9
金正日	9
电脑	9
正常化	9
预料	9
电话	9
永远	9
高原	9
现场	9
叙	9
二十	9
八十	9
阿拉伯	9
儿子	9
形象	9
客人	9
主体	9
市长	9
城镇	9
名义	9
证券	9
新党	9
走上	9
体育	9
派	9
突然	9
战	9
国力	9
领袖	9
句	9
行使	9
联邦	9
封建	9
小康	9
纪念	9
整治	9
示威	9
上任	9
参拜	9
多边	8
使得	8
智慧	8
车	8
打开	8
出版	8
爱国	8
字	8
一九九九年	8
审理	8
法案	8
指示	8
昨日	8
变成	8
敏感	8
凝聚力	8
海关	8
场所	8
职务	8
效果	8
开幕	8
战法	8
白宫	8
论述	8
执法	8
地下	8
大约	8
话题	8
专门	8
脱离	8
离	8
高新	8
活跃	8
受益	8
注重	8
布莱尔	8
预计	8
接近	8
相比	8
深远	8
世界观	8
法治	8
任命	8
国土	8
儿童	8
节目	8
小时	8
参议院	8
修正案	8
赋予	8
委托	8
提前	8
派出	8
严厉	8
使命	8
坚强	8
坚信	8
纳入	8
福建	8
尽	8
最大	8
北京市	8
减轻	8
事项	8
显得	8
案	8
适当	8
效率	8
待	8
争端	8
着重	8
纪律	8
随时	8
赞成	8
具	8
pntr	8
大门	8
统	8
出于	8
命令	8
东南	8
亏损	8
基金	8
忘记	8
促	8
迎来	8
庆祝	8
全民	8
复兴	8
恶化	8
常	8
电信	8
之前	8
学科	8
弹道	8
往来	8
防卫	8
大大	8
经费	8
补充	8
即使	8
模拟	8
吨	8
近来	8
首要	8
策略	8
并没有	8
认同	8
境外	8
党校	8
中巴	8
数十	8
震惊	8
有益	8
主流	8
民意	8
缓和	8
垄断	8
本来	8
一月	8
面积	8
强权	8
命运	8
近期	8
手续	8
容易	8
内涵	8
当代	8
总是	8
政治家	8
声称	8
角色	8
发布会	8
维和	8
灾害	8
签订	8
老一辈	8
加以	8
国家主席	8
探讨	8
叙利亚	8
宣言	8
商谈	8
援助	8
导航	8
不利	8
坚定不移	8
自律	8
对策	8
继承	8
防务	8
分钟	8
团体	8
最新	8
邻邦	8
警示	8
上半年	8
老挝	8
主管	8
等于	8
靖国神社	8
律师	8
人物	8
日方	8
三峡	8
常任	8
步骤	8
合资	8
企业家	8
动向	8
信托	8
合同	8
死	8
东亚	8
拥护	8
北戴河	8
时机	8
纲要	8
公示	8
军机	8
广场	7
工具	7
捍卫	7
与会者	7
看看	7
距离	7
观察	7
终于	7
发	7
周	7
妻子	7
权	7
吸引	7
庞大	7
相继	7
材料	7
对手	7
先后	7
起码	7
轨道	7
可行	7
实效	7
总额	7
战斗力	7
出去	7
篇	7
数字	7
副部长	7
打赢	7
教授	7
请求	7
承受	7
配置	7
歪曲	7
争	7
尤其	7
一下	7
比重	7
大中型	7
上来	7
支柱	7
有机	7
三月	7
科学院	7
定	7
中西部	7
哲学	7
共同点	7
哪	7
享有	7
至少	7
虚拟	7
俄方	7
第九	7
赢	7
浙江	7
深深	7
迫切	7
团	7
张万年	7
态势	7
艰巨	7
采购	7
紧缩	7
现有	7
比例	7
答应	7
退耕	7
评估	7
保护主义	7
藏	7
发扬	7
亲自	7
到来	7
军费	7
此后	7
乱	7
遵循	7
通讯社	7
极端	7
策划	7
旅游业	7
什么样	7
悲剧	7
商品	7
开辟	7
熟悉	7
军委	7
文	7
控股	7
大幅	7
院	7
淘汰	7
赞同	7
效应	7
南方	7
为期	7
极为	7
让步	7
同盟	7
泰国	7
不得不	7
战区	7
鲜明	7
投票	7
信赖	7
补贴	7
足够	7
时报	7
办事	7
上下	7
优化	7
世人	7
矿产	7
事关	7
全局	7
边境	7
边	7
大部分	7
吴邦国	7
出访	7
不足	7
借鉴	7
四月	7
乡镇	7
带动	7
退出	7
定位	7
自动化	7
平时	7
分析家	7
那里	7
实质	7
阿拉法特	7
正义	7
心	7
确立	7
灾难	7
尝试	7
无赖	7
份	7
学员	7
仅仅	7
模范	7
崇高	7
之所以	7
公平	7
短期	7
感	7
文学	7
山东	7
跨越	7
理由	7
推广	7
严正	7
交涉	7
广播	7
寻求	7
十一月	7
大多数	7
坐	7
局部	7
善意	7
波折	7
回	7
进	7
天安门	7
北方	7
军控	7
东京	7
常规	7
随	7
金大中	7
内阁	7
旅游	7
周边	7
扎实	7
人均	7
花	7
软件	7
移民	7
全球性	7
工商界	7
战时	7
军官	7
高校	7
源远流长	7
娱乐	7
陆军	7
修订	7
首都	7
瑞士	7
相连	7
意大利	7
亚美尼亚	7
支出	7
渠道	7
互相	7
宣称	7
访问团	7
不但	7
眼睛	7
八国	7
私营	7
朱亚衍	7
阻挠	7
白	7
得以	7
指责	7
全军	7
驱逐舰	7
须	7
一起	7
可能性	7
关岛	7
理事国	7
国情	7
制造业	7
有助于	7
妥协	7
阿富汗	7
连战	7
坚实	7
吸收	7
减税	7
和谈	7
绝大多数	7
展览	7
航母	7
声	7
实质性	7
煤矿	7
盟国	7
团伙	7
时事	7
舰艇	7
军人	7
搜寻	7
间谍	7
小泉	7
学说	6
动用	6
流通	6
南非	6
财富	6
行政区	6
港口	6
一九九二年	6
较为	6
劳动力	6
判处	6
携手	6
贩毒	6
廉洁	6
投资者	6
诸多	6
固定	6
收到	6
墨西哥	6
廉政	6
班子	6
两国论	6
第十	6
前夕	6
光荣	6
警方	6
故意	6
交替	6
日趋	6
公然	6
百分点	6
无限期	6
下半年	6
深思	6
起草	6
骨干	6
积极性	6
创造性	6
议程	6
地理	6
东部	6
身上	6
产物	6
既然	6
找	6
要素	6
二十多	6
治国	6
有序	6
面貌	6
好处	6
各位	6
总量	6
独特	6
细致	6
怀诚	6
电力	6
摆	6
团长	6
南亚	6
辩证	6
推出	6
简单	6
基本法	6
分裂主义	6
测试	6
开支	6
可持续	6
刑事	6
社会化	6
启动	6
牢牢	6
作品	6
预防	6
排除	6
审查	6
削弱	6
循环	6
收费	6
疑虑	6
持久	6
别	6
丧失	6
由衷	6
之上	6
足以	6
宗旨	6
李远哲	6
菲律宾	6
无论是	6
强劲	6
医院	6
旗帜	6
喜欢	6
非但	6
反而	6
清晰	6
自觉	6
限度	6
紧迫感	6
加	6
别国	6
释放	6
拓展	6
数量	6
自行	6
汽车	6
总部	6
格局	6
不良	6
曾庆红	6
二十日	6
出路	6
子孙	6
轰炸	6
诞生	6
短暂	6
形式主义	6
转让	6
信息战	6
南北	6
相似	6
以往	6
荣幸	6
南斯拉夫	6
遗憾	6
忽视	6
逐年	6
回升	6
闹剧	6
类似	6
福建省	6
很大	6
成克杰	6
为何	6
申请	6
身份	6
陪同	6
倡议	6
污染	6
敬意	6
关闭	6
国企	6
自我	6
积累	6
监管	6
抵御	6
无产	6
向上	6
过来	6
主任	6
爱国主义	6
自杀	6
情绪	6
阵地	6
模糊	6
检察	6
提问	6
岗位	6
以为	6
九月	6
发放	6
性能	6
应对	6
共处	6
意愿	6
激励	6
卡斯特罗	6
率领	6
百	6
海基会	6
契机	6
题	6
耶路撒冷	6
加速	6
中新社	6
普通	6
晚间	6
怕	6
五十	6
幕	6
咨询	6
到达	6
抓获	6
务实	6
使馆	6
海湾	6
沟通	6
大使馆	6
根	6
提倡	6
真诚	6
环节	6
道歉	6
纠正	6
政局	6
监视	6
火力战	6
山水	6
互动	6
届时	6
乌	6
星球	6
恐怖	6
特大	6
一半	6
预警	6
结论	6
消失	6
兴趣	6
差异	6
统治	6
职位	6
变得	6
蓬勃	6
图	6
加拿大	6
练习者	6
实	6
致使	6
普及	6
炮兵	6
大多	6
海域	6
借	6
颇	6
看来	6
稳步	6
宗教界	6
天主教	6
读者	6
够	6
展现	6
实验室	6
富有	6
沈国放	6
解除	6
金额	6
纽约	6
备受	6
吴仪	6
爱	6
吃	6
铁路	6
准则	6
邻国	6
柬	6
瓦杰帕伊	6
税费	6
游行	6
授予	6
汇报	6
实事求是	6
婚姻法	6
二十八日	6
乌拉圭	6
退税	6
柬埔寨	6
混乱	6
勾结	6
工会	6
宏伟	6
环保	6
初期	6
拉姆斯菲尔德	6
互惠	6
计委	6
马耳他	6
萨达姆	6
议定书	6
战斗机	6
申奥	6
安置	6
美机	6
陵水	6
股东	6
应有	6
象	5
公务员	5
火箭	5
黎巴嫩	5
高效	5
节水	5
得益于	5
日报	5
筹集	5
罪	5
防	5
提法	5
确切	5
破获	5
少	5
袭击	5
线	5
处分	5
通道	5
典礼	5
足	5
调节	5
石广生	5
可望	5
通知	5
南海	5
广州	5
赞扬	5
替代	5
十七日	5
杨洁篪	5
前来	5
难题	5
产量	5
曲折	5
个别	5
数据	5
公斤	5
拒	5
出台	5
供	5
抉择	5
罗干	5
第七	5
调动	5
增长率	5
生育	5
布局	5
衡量	5
一如既往	5
轿车	5
参议员	5
层	5
国界	5
复杂性	5
定期	5
提请	5
叶选平	5
常务	5
抛出	5
妄图	5
翻天覆地	5
精心	5
兼并	5
供应	5
通货	5
三十	5
陕西	5
引向	5
多样化	5
降低	5
关税	5
兄弟	5
难得	5
缩小	5
声音	5
充实	5
期望	5
老百姓	5
易	5
更新	5
党政	5
通	5
办好	5
连日来	5
阻碍	5
放松	5
纯	5
极力	5
游戏	5
化解	5
债务	5
居	5
下岗	5
考量	5
紧急	5
基金会	5
台资	5
敢	5
院士	5
秘密	5
共享	5
不安	5
拉	5
多少	5
试点	5
研讨	5
第二十	5
乐观	5
逻辑	5
兵力	5
研究所	5
人人	5
镇	5
公路	5
支援	5
累计	5
歪理邪说	5
存款	5
后来	5
私人	5
持有	5
必要性	5
看出	5
前列	5
陈	5
姿态	5
沙特阿拉伯	5
巴拉克	5
率先	5
争论	5
鉴于	5
事物	5
轻	5
一体化	5
四日	5
难道	5
富强	5
就任	5
费用	5
起点	5
主办	5
树立	5
开端	5
驻华	5
样式	5
于是	5
预言	5
造福	5
商定	5
漫长	5
所有制	5
业绩	5
周围	5
季度	5
普遍性	5
遭	5
顽固	5
散布	5
世	5
相同	5
核裁军	5
指明	5
短	5
修炼	5
借口	5
营造	5
八月	5
大连	5
大型	5
经常性	5
练	5
典范	5
获	5
予	5
艺术	5
再度	5
多么	5
顾问	5
扮演	5
派遣	5
准入	5
埃及	5
撤军	5
副	5
到底	5
提	5
否则	5
节约	5
带	5
透过	5
分工	5
本报讯	5
扬言	5
心理	5
欲	5
巴西	5
失	5
贸易额	5
预见	5
革命家	5
这么	5
总统府	5
福州	5
平静	5
度	5
领会	5
警告	5
急	5
民用	5
推	5
认证	5
渗透	5
新兴	5
互	5
关头	5
带有	5
演讲	5
与否	5
专题	5
正面	5
书面	5
趋于	5
职业	5
传播	5
之外	5
任期	5
剥削	5
记录	5
告别	5
阿	5
永久	5
珍视	5
转移	5
城市化	5
平息	5
政界	5
发扬光大	5
发布	5
非正式	5
中旬	5
行之有效	5
工商	5
财经	5
死亡	5
城乡	5
弘扬	5
乌克兰	5
哈	5
海上	5
愉快	5
查处	5
处罚	5
奖	5
出任	5
信号	5
概括	5
马克思	5
忠实	5
逆转	5
四十	5
朱总理	5
本着	5
促使	5
登陆	5
深厚	5
参选	5
公安部	5
拿出	5
争议	5
峰会	5
国王	5
董建华	5
军舰	5
疑问	5
司令部	5
宪章	5
基于	5
从此	5
防空兵	5
救助	5
子女	5
沪	5
法定	5
大势所趋	5
黑	5
看好	5
基本上	5
觉得	5
第	5
保留	5
民主化	5
公众	5
冷静	5
此前	5
安南	5
相辅相成	5
倡导	5
年底	5
桥梁	5
警察	5
独立自主	5
良性	5
白俄罗斯	5
座谈	5
合力	5
阻挡	5
出动	5
增多	5
听取	5
致	5
通讯	5
伴随	5
全方位	5
沿着	5
信	5
里程碑	5
李肇星	5
身边	5
合成	5
同志们	5
理性	5
在野	5
地球	5
官僚主义	5
传输	5
代替	5
湖北	5
判断	5
外相	5
质疑	5
假	5
共产党员	5
亲密	5
巨额	5
所长	5
抱	5
上海市	5
潜在	5
确	5
祝	5
他人	5
变更	5
飞弹	5
东山	5
不惜	5
陷入	5
打黑	5
除恶	5
发动	5
市民	5
注定	5
源头	5
毁灭	5
高官	5
表态	5
头目	5
得逞	5
远程	5
嫌疑人	5
取缔	5
申办	5
飞抵	5
尼泊尔	5
心情	5
专政	5
跨越式	5
升级	5
霸权	5
海空	5
票	5
拜登	5
甚	5
入党	5
左派	5
森林	4
往年	4
聚集	4
子	4
度过	4
众多	4
焦点	4
贫富	4
聪明	4
射程	4
交给	4
按时	4
期刊	4
扩散	4
巴方	4
过渡	4
皆	4
增	4
央行	4
徒刑	4
繁重	4
辞职	4
负责任	4
一九九五年	4
系	4
配套	4
供给	4
划分	4
齐抓共管	4
力求	4
继	4
外经贸部	4
大幅度	4
一九九八年	4
二五年	4
毕业生	4
优质	4
副委员长	4
晚	4
擅自	4
肩负	4
将军	4
目睹	4
灵活	4
十八日	4
东南亚	4
回国	4
挫折	4
二十二日	4
渐渐	4
共产主义	4
现	4
兑换	4
来源	4
后者	4
慎重	4
心愿	4
不得人心	4
倾向	4
正当	4
算	4
分组	4
一日	4
想要	4
发展权	4
黑龙江省	4
别的	4
弱点	4
用人	4
来之不易	4
代表们	4
光	4
致以	4
源	4
兴衰	4
外界	4
全心全意	4
西北	4
道	4
生存权	4
看望	4
示威者	4
下跌	4
听到	4
表决	4
后勤	4
联勤	4
整顿	4
德才	4
低于	4
率	4
合并	4
总计	4
追究	4
融入	4
正气	4
扩张	4
演变	4
热门	4
千方百计	4
清理	4
规章	4
重演	4
作好	4
确认	4
研究员	4
股市	4
高速	4
坏	4
增发	4
十五日	4
战备	4
拭目以待	4
独	4
下台	4
泄露	4
眼光	4
同等	4
社论	4
建造	4
隔	4
课堂	4
和谐	4
义不容辞	4
水污染	4
罚款	4
视	4
下场	4
丝毫	4
失望	4
递交	4
利率	4
扶持	4
反空袭	4
眼	4
值	4
实验	4
果断	4
恐怖主义	4
例如	4
概念	4
并且	4
愈来愈	4
设置	4
重重	4
关怀	4
基督教	4
民调	4
反面	4
投放	4
学术	4
凭借	4
根本性	4
紧迫性	4
替	4
期盼	4
储量	4
塔	4
极其	4
政	4
偶然	4
箭	4
b	4
上去	4
伪装	4
梵蒂冈	4
摧毁	4
直升机	4
管	4
自民党	4
消费品	4
集会	4
怀有	4
动	4
管理局	4
事态	4
平民	4
深感	4
第五	4
参谋长	4
监控	4
洽谈会	4
光辉	4
前程	4
感受	4
一味	4
监狱	4
罪犯	4
私利	4
角	4
自动	4
操作	4
交易	4
摩洛哥	4
韩朝	4
攻关	4
近邻	4
梦想	4
宣告	4
电视台	4
军火	4
存亡	4
收	4
随意	4
米	4
大厦	4
穷国	4
水利	4
人权会	4
试图	4
雄辩	4
游说	4
宴会	4
一向	4
签证	4
政务	4
视野	4
据说	4
逮捕	4
二十三日	4
一九九六年	4
春节	4
掌声	4
兑现	4
竟	4
岛内	4
必由之路	4
土耳其	4
安宁	4
上岗	4
事迹	4
历经	4
假如	4
表彰	4
观察家	4
海	4
策	4
氛围	4
嚣张	4
近代	4
南京	4
凌晨	4
市政府	4
非公有制	4
全新	4
外债	4
份额	4
公认	4
怀疑	4
思潮	4
开发区	4
谨慎	4
动武	4
战士	4
知情	4
不完全	4
海洋	4
东方	4
善于	4
借助	4
倒退	4
遗留	4
嘴	4
检察院	4
侦查	4
不论	4
真的	4
爆发	4
人防	4
共产党人	4
企业界	4
头脑	4
众议院	4
刻意	4
森喜朗	4
访日	4
被告人	4
人力	4
取代	4
心态	4
伯杰	4
参院	4
表演	4
签字	4
新闻界	4
词	4
认定	4
姓	4
缔造	4
推翻	4
村	4
荒谬	4
小麦	4
趋	4
艰难	4
转化	4
支队	4
称为	4
月份	4
基石	4
载人	4
流域	4
麻烦	4
长治久安	4
天津	4
打下	4
炮	4
外部	4
硝烟	4
产值	4
有时	4
宗	4
记	4
阿萨德	4
风俗	4
综述	4
取决于	4
平壤	4
影响力	4
气候	4
克罗地亚	4
下旬	4
例	4
中宣部	4
到访	4
偷渡	4
曹刚川	4
压迫	4
误解	4
初级	4
心血	4
身体	4
不禁	4
相处	4
人为	4
对象	4
强力	4
经受	4
风暴	4
贵国	4
僵局	4
自强	4
革新	4
雷达	4
更换	4
注册	4
主动权	4
三十日	4
股份	4
施罗德	4
封锁	4
爆炸	4
傅全有	4
卡里莫夫	4
观察员	4
医学	4
满	4
跑到	4
总经理	4
年初	4
跨	4
责任人	4
高雄市	4
婚姻	4
互补性	4
歧视	4
之下	4
列宁主义	4
现行	4
拟	4
带入	4
抨击	4
牵涉	4
主观	4
中南海	4
波兰	4
暂时	4
施政	4
得出	4
考核	4
全力	4
煤炭	4
坦克	4
威胁论	4
人数	4
合格	4
治安	4
文本	4
久	4
日美	4
驻军	4
实战	4
作业	4
冲绳	4
国旗	4
致函	4
后期	4
苏联	4
跨入	4
真理	4
当事人	4
关系史	4
气愤	4
践踏	4
为止	4
射击	4
文字	4
凡是	4
终将	4
动作	4
审判	4
兵	4
挑衅	4
公园	4
倾注	4
夜	4
长足	4
扎扎实实	4
肆意	4
洛杉矶	4
提醒	4
出发点	4
谋划	4
界定	4
爱好	4
关切	4
社	4
监察	4
广西	4
灾区	4
登记	4
鼓舞	4
披露	4
提拔	4
航空母舰	4
作者	4
农场	4
尼	4
头	4
明报	4
专讯	4
科学家	4
拉美	4
指挥所	4
不法	4
学院	4
油价	4
研发	4
留给	4
酞大	4
轰炸机	4
办公厅	4
通货膨胀	4
劳模	4
西哈努克	4
温室	4
商会	4
青睐	4
卫生	4
第五十七	4
严重性	4
当务之急	4
平台	4
舰	4
校长	4
推荐	4
之内	4
篇章	4
卓有	4
在一起	4
俄国	4
身为	4
机密	4
黎可漂	4
陈德良	4
当作	4
朝着	4
许可	4
翻开	4
罪行	4
颗	4
发展史	4
奥林匹克	4
界	4
总数	4
指南	4
突飞猛进	4
欢庆	4
安定	4
滋事	4
缅	4
隐含	4
戈尔	4
辆	4
多样	4
十六日	4
举动	4
练兵	4
不幸	4
世代	4
着名	4
武警	4
不然	4
荣誉	4
多样性	4
四川	4
估计	4
反击	4
资格	4
无限	4
到位	4
缴纳	4
在座	4
自信	4
判决	4
apec	4
苏丹	4
首席	4
藉	4
通航	4
边防	4
机组	4
突袭	4
二十九日	4
劳工	4
九二	4
记者会	4
共和	4
入主	4
信函	4
加上	4
前不久	4
迈出	4
风云	4
领导者	4
开创	4
狠	4
十六	4
治本	4
寻找	4
题目	4
助理	4
立委	4
今晚	4
炒作	4
软	4
瞩目	4
懂得	4
科学界	4
反卫星	4
烈火	4
幸福	4
景气	4
检阅	4
三军	4
顺应	4
商机	4
民警	4
缺少	4
地缘	4
罪恶	4
正视	4
特尼特	4
未成年人	4
理事会	4
发动机	4
恶势力	4
竟然	4
周明伟	4
f	4
回顾	4
胡鞍钢	4
中断	4
雄壮	4
国歌	4
花园	4
忽略	4
舞台	4
暂行	4
军转	4
十二月	4
的确	4
意外	4
减速	4
相撞	4
降落	4
透明	4
海南岛	4
法人	4
最初	4
近海	4
忠于	4
单边主义	4
京都	4
谓	4
穆沙拉夫	4
民族主义	4
清华	4
决定性	4
胜	4
山姆	4
大叔	4
转业	4
半数	4
李少民	4
论证	3
气象	3
车臣	3
第二十三	3
越战	3
拉大	3
勤劳	3
勇敢	3
当初	3
直航	3
样子	3
年轻人	3
飞到	3
刘	3
深情	3
过于	3
过分	3
不利于	3
蛮横	3
不同于	3
平稳	3
交接	3
艰辛	3
磨难	3
改	3
拥军	3
活	3
考试	3
行情	3
一九九七年	3
证监会	3
低廉	3
有期	3
电子战	3
唐	3
尤为	3
否决	3
查获	3
克	3
依赖性	3
第二十一	3
权限	3
人家	3
教材	3
简要	3
归纳	3
政策性	3
运转	3
抑制	3
困扰	3
招生	3
姜春云	3
院所	3
故	3
生前	3
济南	3
制胜	3
笔者	3
组	3
前者	3
某国	3
屡	3
传	3
走势	3
际	3
朝夕	3
生产者	3
货物	3
猖獗	3
本文	3
收益	3
准确	3
债	3
地域	3
出境	3
千万	3
违背	3
处在	3
介入	3
兴起	3
本期	3
深切	3
改组	3
动态	3
端倪	3
重复	3
gdp	3
增幅	3
千年	3
一刻	3
省长	3
出生	3
阿尔及利亚	3
赫尔姆斯	3
威慑	3
争夺	3
恪守	3
历	3
篇幅	3
预定	3
十八	3
效能	3
嘛	3
叫	3
宣示	3
播出	3
布赫	3
增值	3
曾培炎	3
办公	3
九九年	3
预测	3
万亿	3
论断	3
制订	3
政制	3
多亿	3
责无旁贷	3
五十多	3
秘书长	3
立足于	3
力争	3
出国	3
外事	3
阐明	3
爱国者	3
名列	3
成分	3
辽宁	3
港人	3
贾庆林	3
反响	3
征求	3
习惯	3
授权	3
以免	3
兼备	3
里面	3
钢铁	3
日程	3
余	3
山西	3
更迭	3
倍感	3
要点	3
呼声	3
重组	3
纠纷	3
认清	3
十三日	3
管理者	3
李铁映	3
生	3
煽动	3
闹事	3
部份	3
无权	3
招致	3
先期	3
迷惑	3
忧虑	3
致富	3
工商联	3
感觉	3
管制	3
应付	3
抱怨	3
在此之前	3
延长	3
观其行	3
何方	3
骄傲	3
十二	3
财政部	3
局	3
第二十二	3
漏洞	3
霍尔布鲁克	3
文艺	3
拉动	3
延续	3
汪道涵	3
石	3
承包	3
内资	3
劳动党	3
军工	3
认知	3
来自于	3
防治法	3
活生生	3
搬迁	3
库区	3
声浪	3
会同	3
照	3
日子	3
此时	3
在场	3
病人	3
随同	3
王牌	3
热	3
政坛	3
大为	3
中间	3
干出	3
中学	3
蔓延	3
选用	3
中青年	3
废除	3
因而	3
集	3
步入	3
打交道	3
荷兰	3
式	3
tmd	3
中意	3
蓝军	3
航空	3
理念	3
留	3
中智	3
对峙	3
重建	3
中去	3
零售	3
珍惜	3
铲除	3
儿女	3
华夏	3
福祉	3
演兵	3
上网	3
被捕	3
美好	3
专访	3
挽救	3
新任	3
流失	3
诸如	3
跟踪	3
接着	3
装	3
凭证	3
包装	3
行列	3
岛屿	3
科恩	3
国事	3
然后	3
花圈	3
人身	3
见到	3
看清	3
用心	3
所作所为	3
区别	3
滥	3
征税	3
穆巴拉克	3
群体	3
关照	3
枢纽	3
略	3
联署	3
可耻	3
面	3
实在	3
扭曲	3
台湾人	3
流亡	3
挑起	3
四处	3
胡长清	3
滋生	3
土壤	3
盛大	3
趋向	3
酞平	3
急于	3
更大	3
法理	3
淡化	3
波普	3
五日	3
中文	3
歌曲	3
星	3
钻石	3
南联盟	3
等等	3
炸	3
违犯	3
乘	3
原本	3
城	3
因应	3
扩展	3
杭州	3
集团军	3
以前	3
储蓄	3
崛起	3
集成	3
陆续	3
废止	3
清单	3
比赛	3
数字化	3
外汇	3
储备	3
成都	3
马列主义	3
作家	3
列宁	3
云南	3
缴	3
变动	3
胡	3
忠诚	3
十一	3
李福祥	3
占领	3
员工	3
片面	3
主政	3
稍后	3
善良	3
就此	3
广告	3
致电	3
警觉	3
连任	3
务必	3
魅力	3
保险金	3
纳	3
组合	3
病	3
地震	3
记忆犹新	3
泰方	3
论调	3
伊万诺夫	3
核威慑	3
古	3
顺序	3
帝国主义	3
瞬间	3
说服	3
党制	3
高达	3
大都	3
少年	3
祗是	3
加工	3
专用	3
地点	3
湖南省	3
级别	3
四川省	3
教学	3
强有力	3
或许	3
小渊	3
素养	3
空间站	3
撤回	3
调度	3
师	3
激光	3
低空	3
网民	3
形容	3
散去	3
投身	3
家园	3
今	3
车辆	3
分化	3
巴希尔	3
机械	3
书	3
口号	3
放心	3
内外	3
伦敦	3
党建	3
示范	3
蔬菜	3
热爱	3
交谈	3
风格	3
肯	3
和睦	3
阿塞拜疆	3
复杂化	3
强势	3
互补	3
欺骗	3
毕业	3
不正之风	3
耕地	3
北南	3
转折	3
直辖市	3
亿多	3
灿烂	3
征收	3
约束	3
耗资	3
送	3
一九九一年	3
政客	3
境界	3
优越	3
依托	3
颁布	3
核实	3
以便	3
真相	3
中纪委	3
坦诚	3
中德	3
各民主	3
新增	3
添	3
父亲	3
落	3
晚宴	3
东海	3
管理法	3
出口额	3
只好	3
搁置	3
占有	3
校外	3
抓紧	3
短短	3
勉励	3
承前启后	3
继往	3
开来	3
污水	3
再生	3
遗产	3
危及	3
阿卡耶夫	3
吉尔吉斯斯坦	3
生物	3
先锋队	3
保险业	3
同步	3
税款	3
违规	3
泅渡	3
渡海	3
开采	3
销售	3
人造	3
残忍	3
声势	3
功能	3
军界	3
条文	3
增至	3
波罗的海	3
驱使	3
作法	3
军民	3
虚	3
凝聚	3
富	3
短缺	3
金	3
解开	3
开启	3
红军	3
指挥员	3
内战	3
说到底	3
语文	3
单极	3
匈牙利	3
长官	3
设	3
责任感	3
固然	3
和尚	3
减产	3
包含	3
定局	3
飞跃	3
内在	3
记者们	3
叶震	3
抬头	3
实兵	3
红	3
伙	3
混业	3
说成	3
英雄	3
纪念碑	3
背后	3
残酷	3
迫害	3
到头来	3
面目	3
揭露	3
应邀	3
成行	3
迹象	3
展望	3
殖民	3
杀伤	3
亩	3
主力	3
赖斯	3
那个	3
科学化	3
唯物主义	3
原理	3
愤怒	3
崭新	3
展示	3
迈进	3
机动	3
命	3
丰硕	3
剥夺	3
出租	3
壁垒	3
最为	3
湖南	3
利	3
邦交	3
许可证	3
代理人	3
亲属	3
提起	3
诉讼	3
业已	3
载体	3
自治法	3
语言	3
过境	3
着眼	3
地质	3
进攻	3
暗示	3
局长	3
金钱	3
弊端	3
适合	3
生动	3
编辑	3
傅铁山	3
会长	3
残害	3
十几	3
可是	3
留学	3
进取	3
被迫	3
纸	3
锁定	3
边疆	3
引渡	3
总的	3
诸	3
台胞	3
深表	3
正统	3
激起	3
唐飞	3
赵启正	3
博士	3
六十	3
仇恨	3
远华	3
走私案	3
下月	3
涉案	3
饭店	3
军魂	3
合适	3
色彩	3
卖给	3
回访	3
幅度	3
传达	3
方便	3
知名	3
冰岛	3
秋季	3
转机	3
地盘	3
交织	3
大小	3
素	3
买	3
选	3
副主任	3
准绳	3
审视	3
悉尼	3
奥运	3
司令	3
揭示	3
刻	3
开局	3
火炮	3
无辜	3
化学	3
顾	3
立刻	3
覆盖	3
死刑	3
辩护	3
李文和	3
牺牲品	3
泉州	3
开庭	3
配备	3
押	3
黄	3
例外	3
沉重	3
单一	3
特性	3
乌兹别克斯坦	3
民	3
候选人	3
如期	3
腾飞	3
同学	3
震动	3
旅	3
彩电	3
超越	3
消灭	3
房地产	3
各种各样	3
抛弃	3
周永康	3
造就	3
美洲	3
日元	3
老人	3
多万	3
深度	3
起伏	3
度假	3
党风	3
激荡	3
横加	3
气焰	3
特殊性	3
治	3
盛会	3
等到	3
本领	3
滞后	3
第十一	3
扰乱	3
场合	3
放过	3
强行	3
意	3
牌	3
唱	3
奏响	3
午宴	3
地步	3
东北	3
归还	3
曲	3
想到	3
种植	3
截至	3
献身	3
称号	3
河野洋平	3
尽早	3
远见	3
转换	3
兴建	3
愈加	3
无从	3
谈起	3
志愿军	3
抗美	3
援朝	3
自立	3
想法	3
并存	3
不时	3
上演	3
假冒	3
打假	3
心声	3
泄密	3
维系	3
纽带	3
实地	3
六国	3
纳税	3
约定	3
所得税	3
邮报	3
注入	3
副总统	3
沦为	3
骗	3
敌对	3
实事	3
便捷	3
比如	3
之初	3
敌视	3
骗取	3
获悉	3
股权	3
第六	3
章	3
终止	3
稳固	3
生效	3
巡逻	3
增速	3
实质上	3
标语	3
传出	3
责任制	3
亿万	3
调解	3
疏导	3
抵	3
财团	3
对应	3
箱	3
民主党人	3
虚假	3
强国	3
独资	3
生意	3
传来	3
恶	3
贬值	3
苦	3
指数	3
机	3
悄然	3
关联	3
江苏	3
中介	3
丁关根	3
正好	3
迈向	3
提交	3
一时	3
路子	3
党纪	3
越共	3
不到	3
观光	3
幌子	3
士兵	3
取向	3
天然气	3
后代	3
驾驭	3
愈演愈烈	3
提名	3
微妙	3
攻坚	3
客人们	3
双向	3
伊斯兰	3
巴尔干	3
贾志杰	3
打掉	3
保护伞	3
惩处	3
层面	3
赠送	3
未成年	3
入境	3
地图	3
强盛	3
主线	3
探测	3
探测器	3
敌	3
寄予	3
乌干达	3
妈妈	3
吧	3
慰问	3
仪仗队	3
减弱	3
优异	3
充当	3
谈及	3
惜	3
意在	3
黑手党	3
憎恨	3
日后	3
引诱	3
唆使	3
善	3
掉	3
暗中	3
谋	3
十多	3
宁夏	3
气	3
人生	3
祗要	3
推迟	3
核查	3
一九九四年	3
涨	3
大肆	3
劳动者	3
年均	3
郭金龙	3
记下	3
城镇化	3
八十年代	3
事例	3
义愤填膺	3
威武	3
大好	3
获益	3
做为	3
基辛格	3
拉萨	3
'	3
答案	3
秋天	3
物价	3
神盾	3
炸药	3
害怕	3
鲍尔	3
临时	3
困境	3
多元	3
晚上	3
二一年	3
救	3
人机	3
联席	3
台湾牌	3
武	3
撞	3
大概	3
蒋正华	3
设有	3
搜救	3
壮大	3
航空兵	3
着陆	3
会面	3
阿根廷	3
离境	3
奇迹	3
附近	3
颇为	3
监督法	3
扁	3
自治	3
分部	3
眼泪	3
编队	3
泡沫	3
象牙	3
保守	3
撤销	3
委托人	3
葡	3
兵种	3
十七	3
社评	3
自从	3
吉林省	3
感染	3
斯里兰卡	3
围堵	3
其二	3
消费者	3
网吧	3
发问	3
水面	3
三分之二	3
帝国	3
区域性	3
裁减	3
试射	3
建党	3
停火	3
王在希	3
纲领性	3
缔约	3
修宪	3
农民工	3
政体	3
阶段性	2
过剩	2
秀美	2
山川	2
预报	2
数百	2
主人	2
退休	2
销毁	2
生涯	2
西雅图	2
何时	2
发起	2
姆贝基	2
李	2
灯	2
发射架	2
命中	2
飞船	2
依赖于	2
漠视	2
脆弱	2
尖锐	2
航线	2
民航	2
集装箱	2
吞吐量	2
评论员	2
春季	2
开学	2
始	2
十四日	2
逾	2
百分之九	2
成交	2
五百亿	2
没收	2
护卫舰	2
编者	2
蓝图	2
进出口	2
第十四	2
关	2
报告会	2
层出不穷	2
服	2
申诉	2
后面	2
跑	2
交通部	2
敦促	2
从政	2
朱丽兰	2
为首	2
萨格勒布	2
电讯	2
专家们	2
简直	2
结构性	2
过重	2
始终如一	2
信守	2
罕见	2
跨海	2
突击	2
雄师	2
个个	2
多变	2
克敌	2
土	2
副国务卿	2
押解	2
对此	2
专程	2
请教	2
布雷	2
捷报	2
无意	2
及其	2
鸡肉	2
肉类	2
剂	2
视听	2
特定	2
兑	2
针对性	2
征途	2
迫在眉睫	2
规避	2
背离	2
历年	2
收购	2
年份	2
升	2
降	2
转股	2
分支	2
开办	2
汇	2
感动	2
政法	2
谬论	2
去世	2
悼念	2
雄厚	2
全委会	2
稿	2
三日	2
日新月异	2
分布	2
方法论	2
学	2
田凤山	2
工厂	2
致命	2
镜头	2
无怪乎	2
经济型	2
最早	2
菜	2
汤	2
十三亿	2
转型	2
历次	2
踏实	2
李长春	2
抵抗	2
东西部	2
二十五	2
驻地	2
仔细	2
方略	2
批驳	2
老乡	2
出笼	2
下列	2
放慢	2
细化	2
原有	2
架构	2
进度	2
九七年	2
经济学家	2
还林	2
恰恰	2
亟	2
坚定性	2
纯洁性	2
归功于	2
墨	2
全国性	2
业	2
迅猛	2
增收	2
犯	2
井	2
抑或	2
节流	2
着力	2
声纳兵	2
远航	2
隐蔽	2
日渐	2
完备	2
抗	2
偏	2
难点	2
铸造	2
拿	2
化工	2
以至	2
主席台	2
就座	2
庭审	2
直播	2
亲眼	2
书写	2
时光	2
截止	2
日期	2
立案	2
市委	2
部件	2
忧患意识	2
骚乱	2
粉碎	2
阴谋	2
翻	2
坐视	2
顶峰	2
毕竟	2
辞去	2
伊始	2
含糊	2
感想	2
选准	2
亲戚	2
权威性	2
听任	2
开会	2
保守派	2
闹	2
凌驾	2
嘴脸	2
时许	2
难怪	2
鲜血	2
监事会	2
司	2
处级	2
年龄	2
保密	2
堵塞	2
乔宗淮	2
富人	2
所有人	2
创作	2
火车头	2
自豪	2
悬而未决	2
现今	2
创建	2
组阁	2
无端	2
国际部	2
地处	2
千载难逢	2
饮用水	2
水源	2
保护区	2
处以	2
中国海	2
下载	2
制品	2
批发	2
重庆市	2
淹没	2
选出	2
行政院	2
马上	2
与此同时	2
过上	2
国籍	2
指定	2
吉	2
刘京	2
众议员	2
单	2
热控	2
推进器	2
十余	2
优美	2
无私	2
毒害	2
置信	2
痴迷	2
一九八零年	2
印刷	2
基督	2
增量	2
答覆	2
西气东输	2
百亿	2
邪教徒	2
极端主义	2
吃惊	2
到处	2
中毒	2
内心	2
昭然若揭	2
野心	2
部长们	2
联大	2
供求	2
树	2
坚守	2
印巴	2
纳拉亚南	2
那时	2
农业部	2
省区	2
飞毛腿	2
致信	2
医科	2
噤若寒蝉	2
普罗迪	2
利害	2
错	2
要害	2
河	2
数学	2
模型	2
表面	2
别有用心	2
不可告人	2
千秋	2
申明	2
激战	2
破	2
收取	2
纠风	2
赤裸裸	2
雪上加霜	2
孕育	2
亲身	2
省份	2
照顾	2
纺织	2
怎么样	2
自绝	2
身败	2
名裂	2
心理学	2
瞄准	2
装置	2
ci	2
自由化	2
关上	2
巴拿马	2
取信	2
历时	2
从未	2
发债	2
票据	2
铸	2
攻	2
钦佩	2
岁月	2
深知	2
结算	2
一律	2
屠杀	2
纪念馆	2
宣扬	2
生死	2
险恶	2
尽可能	2
财力	2
西欧	2
后退	2
片	2
黎明	2
会场	2
位于	2
施加	2
日内瓦	2
致力	2
干脆	2
研究会	2
联谊会	2
听证会	2
谣言	2
胜于	2
公理	2
诽谤	2
诬蔑	2
两百	2
天下	2
摸	2
练习	2
顺便	2
澄清	2
斯特凡诺普洛斯	2
相近	2
分离	2
员	2
退役	2
合影	2
留念	2
定居	2
赵衍红	2
遣送	2
家人	2
论文	2
演唱	2
酞阳	2
二十七日	2
陈斌华	2
闭幕	2
支配	2
而已	2
辜	2
他国	2
较量	2
任用	2
五千	2
灵魂	2
体会	2
启用	2
责	2
兴	2
拼命	2
败类	2
鲅鱼圈	2
冰毒	2
食盐	2
纸箱	2
白色	2
结晶	2
物	2
充实率	2
认可	2
利润	2
弥补	2
缺口	2
讨价	2
还价	2
和约	2
电路	2
开工	2
会员	2
手脚	2
群众性	2
预示	2
惯例	2
偿债	2
江河	2
洪水	2
屏障	2
工作日	2
经典	2
总和	2
倒置	2
立党	2
基	2
乔木	2
党性	2
艺术家	2
满腔	2
不可或缺	2
不错	2
伏笔	2
建国	2
大海	2
估价	2
拉开	2
超出	2
父子	2
石原	2
丑恶	2
提到	2
何在	2
冠冕堂皇	2
时间表	2
紧紧	2
条款	2
广州市	2
气节	2
商界	2
吸取	2
覆辙	2
更上一层楼	2
玩	2
议员们	2
朱锋	2
限于	2
胡世祥	2
总装	2
在即	2
铺开	2
拨	2
改为	2
养老金	2
野中广务	2
热切	2
干事长	2
保守党	2
青年人	2
十二日	2
合肥	2
聚众	2
围攻	2
逼迫	2
火车	2
党支部	2
自卫	2
不当	2
晚年	2
待机	2
计	2
支撑	2
同处	2
带领	2
一脉相承	2
亲民党	2
流氓	2
兼	2
驳	2
狂热	2
备忘录	2
吴基传	2
风度	2
阻止	2
结下	2
强迫	2
入伍	2
风浪	2
亲手	2
少先队	2
登上	2
定论	2
归属	2
常识	2
始作俑者	2
品质	2
库存	2
区域化	2
一带	2
兼施	2
渲染	2
勇于	2
任重道远	2
外籍	2
查询	2
实实在在	2
整改	2
李万燮	2
abm	2
重开	2
劣势	2
刚	2
器材	2
组委会	2
宋健	2
热线	2
纷至沓来	2
六日	2
系统性	2
汪恕诚	2
作过	2
立于	2
不败之地	2
野战化	2
机械化	2
余额	2
警备区	2
遭敌	2
自救	2
反思	2
青藏	2
藏身	2
异常	2
犹如	2
依赖	2
块	2
大队	2
动荡	2
要案	2
批示	2
德	2
接班人	2
真空	2
经济部	2
存	2
软弱	2
中通社	2
生产率	2
五点	2
占据	2
石化	2
返回	2
带头	2
抗拒	2
抢	2
重担	2
直白	2
立体	2
抗击	2
自觉性	2
斯	2
自愿	2
沈林	2
智力	2
贯穿	2
劳务	2
不如	2
流亡者	2
会议室	2
创办	2
园区	2
席	2
国庆	2
出版署	2
司长	2
比喻	2
产权	2
哈塔米	2
维吾尔	2
乌鲁木齐	2
启迪	2
外高加索	2
政治化	2
有组织	2
暴利	2
蛇头	2
奖学金	2
基里巴斯	2
代代相传	2
里根	2
疏散	2
毒贩	2
同伙	2
殷切	2
国统会	2
国统纲领	2
热源	2
反射	2
庆典	2
集体主义	2
变为	2
附庸	2
陌生	2
有识之士	2
制造商	2
觉悟	2
第三十一	2
依次	2
成功率	2
会计法	2
浮动	2
市场化	2
杰出	2
汉城	2
涉嫌	2
拯救	2
决战	2
前线	2
监察部	2
腐朽	2
九十	2
出资	2
诞辰	2
法宝	2
列车	2
人间	2
埋	2
创伤	2
实处	2
能量	2
伦德	2
核潜艇	2
战舰	2
棘手	2
国峰会	2
国投	2
根深	2
一流	2
极致	2
灭绝	2
边缘	2
赖以	2
捕捞	2
土库曼斯坦	2
尊贵	2
盐	2
四点	2
滩	2
还草	2
捣乱	2
下达	2
李金华	2
由来已久	2
油气	2
勘探	2
阿拉斯加	2
雷达站	2
亏损面	2
尸体	2
打私	2
情节	2
营业	2
执照	2
功夫	2
贺劲松	2
得主	2
含量	2
投向	2
建	2
捷克	2
有意	2
单纯	2
断然	2
般	2
融合	2
敌方	2
作价	2
自主权	2
成败	2
刚才	2
坦率	2
等待	2
转到	2
钥匙	2
新民主主义	2
开阔	2
睁着	2
瞎话	2
窗口	2
全力以赴	2
来临	2
旨	2
吴官正	2
负隅顽抗	2
倒董	2
明文	2
滩头	2
锨起	2
抢滩	2
获准	2
土豆	2
地厅级	2
县处级	2
报名	2
使命感	2
自家	2
消散	2
天地	2
夏粮	2
格外	2
谢尔盖耶夫	2
政治部	2
打算	2
终端	2
指挥车	2
火力	2
人和	2
怀	2
进而	2
王后	2
敌意	2
弟子	2
游览	2
抹煞	2
造谣	2
涌现	2
外表	2
层层	2
告知	2
宇宙	2
对照	2
投	2
原子弹	2
人命	2
讨伐	2
均衡	2
单方面	2
崩溃	2
沉默	2
横幅	2
连锁	2
宫城	2
笃实	2
嘉手纳	2
意图	2
伸出	2
戒心	2
野战	2
举足轻重	2
钟	2
特首	2
居于	2
构建	2
大于	2
崇尚	2
求真务实	2
屡屡	2
名护市	2
锨开	2
页	2
稿件	2
炸弹	2
精度	2
编成	2
连队	2
反侦察	2
必不可少	2
广东省	2
物资	2
各司其职	2
白南舜	2
初生	2
有线	2
指挥部	2
强度	2
圆木	2
浪	2
朝日	2
挪用	2
城建	2
颁发	2
涉外	2
受伤	2
准	2
来京	2
宴请	2
不折不扣	2
被害人	2
里约	2
显	2
余克礼	2
非战	2
猎物	2
盛典	2
神威	2
安装	2
用户	2
社区	2
如实	2
沿袭	2
巡防	2
终究	2
名单	2
跨党派	2
务求	2
炮声	2
千家万户	2
命题	2
全天候	2
借机	2
雪域	2
官兵们	2
实弹	2
工程师	2
症结	2
忧	2
收效	2
新意	2
边远	2
忙	2
辞退	2
副团长	2
韩文藻	2
人群	2
而今	2
特有	2
可取	2
前身	2
振奋	2
从严	2
侵害	2
韩美	2
不平等	2
精华	2
挖掘	2
信用证	2
融资	2
激动	2
国内外	2
检查组	2
办案	2
形形色色	2
库尔斯克	2
乘员	2
佛教	2
讲究	2
贵	2
军兵种	2
台风	2
废水	2
排放	2
敢于	2
实业	2
塞族	2
激化	2
时有	2
操纵	2
执意	2
立陶宛	2
道教	2
加州	2
宽恕	2
信徒	2
日朝	2
急欲	2
宙斯	2
盾	2
所在地	2
走访	2
幼儿园	2
水域	2
减债	2
迎头	2
风采	2
退还	2
赃款	2
家属	2
起诉	2
下榻	2
参访团	2
源泉	2
澳大利亚	2
丰富多彩	2
品格	2
修养	2
巨款	2
潜逃	2
何处	2
单极化	2
放眼	2
智中	2
电影	2
徐匡迪	2
谢列兹尼奥夫	2
斯特罗耶夫	2
菲	2
死伤	2
减到	2
旱情	2
多重	2
监理	2
聘请	2
百花齐放	2
翟伟	2
主义	2
希腊	2
瑞典	2
可想而知	2
西奥	2
强弱	2
戴相龙	2
群岛	2
中部	2
朱琳	2
卖	2
五角大楼	2
审慎	2
南南合作	2
上报	2
摆到	2
炮制	2
脚	2
专心	2
根源	2
回忆	2
金牌	2
经不起	2
坎坷	2
浓厚	2
镇压	2
教会	2
金永南	2
汤普森	2
含义	2
被告	2
安危	2
物品	2
阵	2
法庭	2
德拉鲁阿	2
中阿	2
午餐会	2
杜马	2
扭转	2
先入	2
关押	2
卑鄙	2
董事长	2
王忠禹	2
上面	2
烟草	2
横向	2
联通	2
实时	2
非国有	2
目击者	2
杨	2
或者说	2
沙	2
盲目	2
运到	2
枯竭	2
受阻	2
名牌	2
写信	2
修复	2
创	2
谱写	2
壮丽	2
姬胜德	2
部下	2
题词	2
阵营	2
有识	2
之士	2
勘察	2
学位	2
过早	2
生机	2
卡多佐	2
系数	2
接任	2
欧元	2
理事	2
黄埔	2
幕僚	2
缔结	2
前沿	2
保存	2
重心	2
国策	2
外迁	2
刑讯	2
逼供	2
贺电	2
中古	2
警报	2
广度	2
教育者	2
屹立	2
谋取	2
落得	2
堕落	2
逃避	2
街道	2
外出	2
弱化	2
获奖	2
统筹	2
备案	2
在野党	2
行事	2
传教士	2
海陆空	2
神父	2
一度	2
变数	2
访谈	2
评比	2
哪里	2
涉台	2
评述	2
党章	2
讲座	2
可喜	2
市政	2
周恩来	2
陈毅	2
上空	2
战云	2
留有	2
回旋	2
余地	2
观看	2
战斗员	2
装甲	2
赞	2
招待	2
五二	2
追随	2
美联储	2
格林斯潘	2
十一日	2
便利	2
流动	2
汲取	2
规格	2
掩盖	2
起立	2
功绩	2
南水北调	2
用水	2
天皇	2
夫妇	2
读	2
大专	2
三分之一	2
中期	2
经商	2
宇航员	2
吴文英	2
个性	2
留学生	2
处境	2
人文	2
普雷斯科特	2
老是	2
据称	2
问及	2
演示	2
活剧	2
绿化	2
诚心诚意	2
民国	2
亲近	2
植根于	2
本土	2
党组	2
曹庆泽	2
述评	2
创造力	2
林	2
党务	2
亚欧	2
决断	2
个体	2
紧	2
找出	2
学风	2
提议	2
丹麦	2
葡萄牙	2
深圳市	2
奋发	2
焕发	2
整	2
入	2
永	2
赖	2
空前	2
彭	2
咱们	2
高中	2
赏识	2
联络	2
星期日	2
后备	2
往	2
壮举	2
中芬	2
较大	2
北斗	2
首次	2
驻俄	2
伪造	2
免税	2
投票率	2
创下	2
罢免案	2
停建	2
卡西亚诺夫	2
目光	2
事后	2
减	2
高地	2
希拉里	2
纽约州	2
代理	2
共和党人	2
换言之	2
选民	2
上涨	2
光纤	2
长度	2
派团	2
颜面	2
讯息	2
筹建	2
也就是说	2
脱钩	2
证件	2
增长期	2
选票	2
偏见	2
承办	2
多米尼加	2
实业界	2
博尔基亚	2
建设者	2
上级	2
召集	2
戒急用忍	2
文莱	2
留住	2
迟迟	2
净	2
清算	2
诱	2
筹委会	2
二十一日	2
鲁滨逊	2
公决	2
以防	2
省部级	2
研究班	2
副院长	2
澜沧江	2
湄公河	2
约束力	2
效力	2
代表人	2
反舰	2
毛主席	2
派系	2
上阵	2
机载	2
驾驶	2
雄	2
隐藏	2
张铭清	2
新西兰	2
彩门	2
风景	2
室	2
完	2
渐	2
三道四	2
落到	2
悲痛	2
李纪周	2
农户	2
受益者	2
可靠	2
七成	2
板门店	2
宽	2
分界线	2
精兵	2
动乱	2
预先	2
旁观者清	2
马首是瞻	2
中东欧	2
释法	2
种族	2
香皂	2
耻辱	2
厦华	2
王兆国	2
集资	2
税务	2
应急	2
分离主义	2
贴息	2
苦难	2
纺织品	2
罗	2
变幻	2
范登堡	2
上旬	2
阿扁	2
李鸿禧	2
祗能	2
非官方	2
制止	2
实绩	2
似	2
转播	2
门前	2
摄影	2
事务所	2
生命力	2
影视	2
房间	2
运输	2
冒险	2
敦睦	2
保护费	2
听听	2
我方	2
顶	2
张宏喜	2
总领事	2
声讨	2
单项	2
百余	2
洪涝	2
预期	2
安全法	2
参	2
找准	2
切忌	2
赔偿	2
何必	2
哈瓦那	2
酞多	2
拍照	2
补偿费	2
力学	2
立方米	2
东	2
心思	2
掩护	2
增信	2
释疑	2
阿联酋	2
恶劣	2
元旦	2
王旭东	2
预备役	2
降税	2
税目	2
满陇桂雨	2
煤	2
革命性	2
神经	2
轨迹	2
巧合	2
联结	2
尼克松	2
款待	2
金门	2
县长	2
发端	2
波	2
失误	2
马祖	2
裁判	2
补给	2
维修	2
痛苦	2
以外	2
职权	2
夫妻	2
情人	2
现役	2
制衡	2
邦联制	2
原先	2
朱凤芝	2
老区	2
栏目	2
二零零零年	2
伊方	2
不已	2
停	2
引用	2
莫大	2
湖北省	2
轻易	2
隐患	2
利比亚	2
来看	2
进驻	2
情形	2
特使	2
一九五四年	2
刑警	2
抵挡	2
夏天	2
右	2
相距	2
遥远	2
扶养	2
省级	2
打倒	2
纪录	2
实控线	2
特派	2
实践者	2
此访	2
仪器	2
射线	2
验收	2
班	2
沿	2
陆地	2
舰船	2
天基	2
追溯	2
何等	2
队员	2
当即	2
药品	2
询问	2
限定	2
贪污	2
军力	2
伤	2
塞浦路斯	2
塞	2
好评	2
切尼	2
尽量	2
蕴藏	2
列入	2
势	2
楚树龙	2
次于	2
得天独厚	2
即时	2
火焰	2
常常	2
孩子	2
说出	2
本身	2
反邪教	2
邪	2
疯狂	2
幽灵	2
搜集	2
划时代	2
象征	2
新生	2
怂恿	2
开设	2
课程	2
大潮	2
作恶多端	2
中情局	2
前年	2
责任心	2
薄弱	2
讨好	2
市容	2
资助	2
高枕无忧	2
虞	2
称霸	2
大亏	2
浙江省	2
天天	2
门	2
练功	2
自残	2
忍	2
居然	2
切	2
马英九	2
行贿	2
克雷蒂安	2
重于	2
泰山	2
构思	2
洪森	2
一声令下	2
削减	2
热心	2
截然不同	2
大法	2
喜悦	2
法派	2
查明	2
哭	2
阶层	2
口	2
耐人寻味	2
侵略者	2
犯下	2
有赖于	2
后院	2
十足	2
史	2
林晨柏	2
徐孝慈	2
感慨	2
陷于	2
停滞	2
元帅	2
温饱	2
全球祗	2
三千多	2
幻影式	2
十分之一	2
二八年	2
风气	2
党际	2
好好	2
重振	2
出卖	2
唾弃	2
其害	2
无情	2
建成	2
纵容	2
二十四	2
安	2
退市	2
轻而易举	2
曲格平	2
防沙	2
治沙法	2
北美	2
华府	2
战胜	2
啦	2
三亚市	2
航向	2
常设	2
纪实	2
吓	2
跳	2
王成家	2
势必	2
国际化	2
特委会	2
乐队	2
放缓	2
卓越	2
空话	2
紧缺	2
专利法	2
细则	2
论据	2
塔利班	2
淮河	2
逐件	2
答复	2
估量	2
排污	2
韩杼滨	2
弄虚	2
作假	2
江西	2
黑社会	2
波音	2
禁毒	2
紧要	2
演出	2
王乐泉	2
敏感性	2
巧妙	2
噶玛巴	2
弹	2
蒙古	2
识别	2
好头	2
马其顿	2
王英凡	2
展	2
说服力	2
反动	2
断交	2
区别于	2
工作会	2
早晚	2
老板	2
旅居	2
着想	2
王玉顺	2
王毅	2
关系法	2
穿	2
特意	2
动物	2
维亚	2
康母	2
叛乱	2
林和立	2
今次	2
最好	2
藏独	2
奉命	2
救援	2
起飞	2
谢尔顿	2
推选	2
卡塔尔国	2
家门口	2
篡改	2
例行	2
无数	2
海口市	2
迫降	2
p	2
生路	2
祗有	2
克制	2
文革	2
容忍	2
救捞局	2
可口可乐	2
事发	2
赶赴	2
跳伞	2
密不可分	2
良知	2
队长	2
上校	2
情谊	2
中资	2
搜索	2
始于	2
海口	2
整整	2
沉浸	2
性地	2
布宜诺斯艾利斯	2
收税	2
蒙得维的亚	2
陆委会	2
事端	2
何况	2
私下	2
二十九	2
表	2
歉意	2
高昂	2
同仇敌忾	2
ep	2
六四	2
爱护	2
电网	2
当中	2
并肩	2
分列式	2
五四	2
英雄主义	2
气概	2
海岸	2
收集	2
厚爱	2
沉痛	2
然	2
姐妹们	2
阮国琴	2
铁木尔	2
达瓦买提	2
卫士	2
田中真纪子	2
萨塔尔	2
美台	2
黑人	2
为敌	2
分业	2
心目	2
英勇	2
机上	2
揭开	2
为由	2
服从	2
推到	2
肖扬	2
稳	2
张君	2
矿工	2
武汉	2
上班	2
沉	2
破灭	2
打响	2
空谈	2
会员国	2
电台	2
恨	2
使然	2
无比	2
获取	2
反潜机	2
上将	2
列确	2
平措	2
李氏	2
萨拉赫丁	2
害人	2
柯林顿	2
王乐毅	2
鬼话	2
棋子	2
渴望	2
军校	2
命名	2
文物	2
受托人	2
姬鹏飞	2
英方	2
南下	2
使出	2
饿	2
社会党	2
连接	2
河北	2
盟友	2
报章	2
德治国	2
政要	2
精彩	2
金顶	2
气温	2
喜马拉雅山	2
拉合尔	2
升温	2
辛格	2
执行官	2
致意	2
用尽	2
通力合作	2
戏	2
阿米蒂奇	2
鼓动	2
踏上	2
足额	2
民心	2
百姓	2
整肃	2
开通	2
能许	2
编组	2
统管	2
两栖	2
进藏	2
码头	2
饱受	2
左	2
医疗	2
合乎	2
洲际	2
韩方	2
致辞	2
杰福兹	2
天军	2
马克思主义者	2
丢	2
迷失	2
刑罚	2
寄托	2
卷入	2
欧亚	2
十万	2
东山岛	2
黄国雄	2
疲软	2
涉足	2
空调	2
切断	2
巨人	2
严明	2
排	2
国军	2
统帅	2
通常	2
干什么	2
引人注目	2
折扣	2
安全观	2
称呼	2
资本家	2
s	2
迫	2
王建	2
女性	2
抗旱	2
厉以宁	2
李汉东	2
举世瞩目	2
社团	2
积力	2
众智	2
民主主义	2
热忱	2
纪委	2
喜人	2
战果	2
好坏	2
兴旺	2
空缺	2
赫普图拉	2
文献	2
反省	2
丁	2
管道	2
停车场	2
驻扎	2
与时俱进	2
邦联	2
暂	2
台办	2
频频	2
二十二	2
棉花	2
望	2
专论	2
企业主	2
咄咄逼人	2
需费	2
周折	2
投案	2
自首	2
不可磨灭	2
否定	2
现年	2
关键性	2
传递	2
周末	2
看成	2
勾当	2
阿达米	2
瓷器	2
英文	2
china	2
意思	2
挟洋自重	2
双拥	2
东风	2
同机	2
鲍彻	2
副总参谋长	2
巴卢耶夫斯基	2
陆航	2
极右	2
法制办	2
链条	2
毁	2
纪检	2
矿井	2
逃生	2
避开	2
伍尔泽	2
布鲁塞尔	2
热那亚	2
进攻性	2
问到	2
营销	2
岛国	2
倍于	2
矿	2
国体	2
星座号	2
单兵	2
印刷业	2
南昌	2
起义	2
工会法	2
配股	2
恰好	1
草地	1
再造	1
立项	1
水文	1
雨情	1
水情	1
准确性	1
摆在	1
乡亲	1
钟氏	1
祠堂	1
团拜	1
互致问候	1
钟志坚	1
一女	1
孙儿	1
林村乡	1
先祖	1
宋朝	1
末年	1
迁徙	1
俄联邦	1
难以想象	1
改版	1
面额	1
公告	1
残缺	1
污损	1
回收	1
王光亚	1
贺岁	1
烟花	1
汇演	1
系列多	1
麦凯恩	1
战俘	1
因特网	1
忠告	1
糟	1
咎由自取	1
航商	1
卡位	1
战和	1
前置	1
歌仔戏	1
王莽	1
熄灭	1
吉普车	1
沙包	1
静静	1
卧在离	1
神舟	1
飞天	1
凯旋	1
钱学森	1
王永志	1
总设计师	1
果然	1
卸出	1
推进剂	1
发发	1
沈荣骏	1
发射场	1
抢修	1
讨论会	1
看去	1
顶端	1
逃逸塔	1
细尖	1
黑暗	1
大漠	1
晶莹	1
闪光	1
指挥长	1
说起	1
戈壁	1
航天城	1
十八万	1
棵	1
新疆杨	1
宁静	1
双休日	1
刘明山	1
捧	1
鲜花	1
独自	1
墓前	1
期望值	1
承载	1
文数	1
接触战	1
以方	1
差别	1
旱作	1
拍卖	1
总局	1
垄断权	1
特权	1
盐田港	1
标箱	1
跃居	1
核电	1
好上加好	1
关爱	1
也许	1
衷心感谢	1
名次	1
升幅	1
价升量	1
五十亿	1
一千三百亿	1
一千五百多亿	1
业内	1
戴明益	1
h	1
外空	1
五百二十六	1
毒贩子	1
七百余	1
收缴	1
十三点八万	1
发案率	1
黑客	1
工委	1
全委	1
过好	1
许志功	1
讲述	1
矢志	1
执收	1
执罚	1
着手	1
梅西奇	1
传出长	1
盈动	1
洽购	1
训练法	1
无稽之谈	1
储蓄者	1
不到位	1
回复	1
事权	1
不至于	1
开征	1
增值税	1
调节税	1
过热	1
相机而动	1
税制	1
中小学生	1
顽症	1
四百五十亿	1
一千亿	1
勤政	1
袖	1
清风	1
逼切	1
故居	1
辟为	1
纪念地	1
担任省	1
部级	1
前言	1
宽松	1
驻防	1
茂名	1
苏二十七	1
防空团	1
隶属	1
整编师	1
场面	1
劲旅	1
摔打	1
贸发	1
读到	1
触目惊心	1
塔尔博特	1
寄	1
希望于	1
缉捕	1
河南省	1
登门	1
新鲜事	1
水下	1
反潜	1
畜产品	1
派购	1
基础性	1
可奶	1
补钙	1
中老年人	1
混淆	1
预见性	1
重任在肩	1
得力	1
势在必行	1
台面	1
注明者	1
汇编	1
含税	1
递增	1
百分比	1
高出	1
递增率	1
肥料费	1
拖下去	1
酿成	1
响应	1
营业性	1
私	1
罪人	1
十字路口	1
并重	1
并举	1
张效珍	1
电话会	1
拖	1
张家港市	1
分为	1
三年期	1
适用性	1
因病	1
侯捷	1
排头兵	1
通盘	1
露	1
高专	1
第八	1
百分之七	1
百分之十	1
已婚	1
育龄	1
五十一点四二万	1
胎	1
百分之三十六点二九	1
见效	1
系统化	1
理论化	1
看作	1
恩格斯	1
高处	1
十二亿多	1
五千多	1
逐条	1
多于	1
资源部	1
肇源县	1
三线	1
搬家	1
大关	1
盲目乐观	1
得利	1
不见得	1
感叹	1
呼喊	1
防线	1
论点	1
燃油税	1
车型	1
中级	1
托里切	1
陈希同	1
午餐	1
晚餐	1
逾越	1
涵义	1
催生	1
管辖权	1
朦胧	1
隐蔽性	1
晤对	1
田曾佩	1
从容	1
自如	1
台湾省	1
有史以来	1
自助	1
餐厅	1
排队	1
选菜	1
就餐	1
章程	1
全局性	1
团组	1
言和	1
董石麟	1
索取	1
带回	1
邯钢人	1
邯钢	1
讲讲	1
要是	1
冒昧	1
实证	1
电视片	1
蔡继明	1
宏大	1
分步	1
宝岛	1
但未	1
执行数	1
科目	1
用品	1
不切实际	1
硬性	1
交出	1
加密	1
密码	1
盛华仁	1
科技部	1
卖方	1
刘应明	1
国运	1
系于	1
照样	1
锲而不舍	1
李来柱	1
打到	1
办公桌	1
相抵	1
一千七百九十七亿	1
核准	1
六亿	1
百分之十三点九	1
九八年	1
徐山林	1
塑造	1
微观	1
吴清辉	1
吴康民	1
何椿霖	1
危陋	1
平房	1
墙子河	1
和平路	1
造福于民	1
深得人心	1
一一七二	1
造	1
冯煦初	1
巩德顺	1
山仑	1
陈有德	1
曹伯纯	1
沙特	1
雇佣	1
宣传者	1
停伐	1
了事	1
技改	1
大会堂	1
澳门厅	1
民族团	1
结祗	1
包围	1
河水	1
井水不犯河水	1
加税	1
财赤	1
周期	1
预算案	1
创富	1
裕民	1
七百万	1
企求	1
猛升	1
小撮	1
笑	1
再说	1
接轨	1
税率	1
重创	1
物权法	1
物权	1
录音机	1
录	1
真功夫	1
致胜	1
硬功夫	1
解释案	1
草拟	1
大部份	1
服从于	1
严要求	1
导向	1
组团	1
科协组	1
叶大年	1
怎样炼	1
归类	1
若然	1
国务	1
错案	1
辜负	1
内幕	1
陆宗霖	1
法律案	1
附有	1
结余	1
抚今	1
追昔	1
逝	1
一维性	1
反之	1
送交	1
三亚	1
按理	1
拟定	1
张文台	1
有所为	1
起初	1
磨擦	1
点燃	1
导火索	1
输血	1
造血	1
开发式	1
刘克刚	1
油然	1
祸国	1
祸藏	1
观望	1
摇摆	1
规范性	1
玩火	1
推上	1
拥李	1
拥扁	1
不乏	1
情结	1
姚辉	1
较快	1
何厚铧	1
辛旗	1
下挫	1
扶困	1
团圆	1
高新区	1
九三学社	1
吴阶平	1
名誉	1
王光英	1
定下	1
某某	1
州	1
参议员们	1
作何	1
有点	1
含	1
待业	1
用好	1
稽察	1
杜绝	1
劣质	1
诗琳通	1
公主	1
绕过	1
开业	1
即日起	1
反弹	1
意料	1
如下	1
改革派	1
击败	1
席位	1
其言	1
宽宏	1
大度	1
高瞻远瞩	1
周安	1
达源	1
黄华	1
游客	1
呲牙	1
卖国	1
贼	1
顺理成章	1
国内法	1
口气	1
党部	1
彻头彻尾	1
半壁江山	1
拱手	1
消化	1
专职	1
监事	1
周岁	1
联网	1
萨苏	1
刚果	1
布	1
联合报	1
主轴	1
诚信	1
权谋	1
胜选	1
笼罩	1
精品	1
力作	1
害处	1
车厢	1
自古	1
严安林	1
疾言厉色	1
大谈	1
利物浦	1
莱德尔	1
铁甲舰	1
完工	1
造船	1
后人	1
东中西部	1
许信良	1
推给	1
腹地	1
书本	1
安静	1
地表	1
第四十	1
第四十七	1
第四十一	1
第四十八	1
阿罗育	1
mp	1
音乐	1
音像	1
迁建	1
延及	1
职	1
印方	1
离岛	1
国大	1
造访	1
imf	1
一揽子	1
比索	1
数百万	1
高质量	1
开战	1
催促	1
张而平	1
药房	1
购	1
药	1
药店	1
购药	1
张天保	1
王陇德	1
李剑阁	1
局限于	1
最惠国	1
核工业	1
双面	1
镀	1
铝	1
聚酯薄膜	1
聚酰亚胺	1
薄	1
膜	1
飞行器	1
光学	1
工艺室	1
潜心	1
控	1
离子	1
微小	1
推力	1
俄罗斯人	1
实干家	1
整日	1
油嘴	1
滑舌	1
生而	1
山河	1
复关	1
漫天	1
价	1
一拖	1
叫嚷	1
虚伪性	1
藏族	1
音乐声	1
四通八达	1
通车	1
里程	1
两万多	1
徐升入	1
急剧	1
翻印	1
圣经	1
二千三百多万	1
册	1
不足之处	1
教堂	1
神学	1
长老会	1
基督教会	1
姐妹	1
村务	1
意方	1
祗占	1
服务业	1
记名制	1
可乘之机	1
信众	1
周五	1
警务	1
一千二百亿	1
带头人	1
坟墓	1
谋害	1
逼死	1
文明人	1
密西西比州	1
奴隶制	1
枪杀	1
枪支	1
穷兵	1
黩武	1
愚冥不化者	1
喊冤	1
叫屈	1
读读	1
歪诗	1
欲望	1
唏嘘	1
教权	1
君权	1
一百三十三	1
探明	1
建交国	1
惠及	1
古人	1
砍	1
烧荒	1
吃饱	1
肚子	1
不得已	1
忆及	1
刘晓明	1
古奇	1
停留	1
收获	1
美巴	1
警告式	1
球	1
示范县	1
凡此种种	1
科威特	1
武器库	1
望尘莫及	1
培根	1
固本	1
校	1
时间早晚	1
一点一八亿	1
隐真	1
压下	1
出走	1
欧方	1
呈	1
便于	1
推论	1
基本功	1
清	1
李文明	1
异地	1
攻势	1
制敌	1
隐形	1
亚音速	1
还有	1
参数	1
无理取闹	1
闹事者	1
郝昭	1
抵日	1
结社	1
害死	1
致残	1
有助	1
方兴未艾	1
互联	1
戴利	1
抵京	1
犹酣	1
总参谋部	1
首长	1
师旅	1
中随机	1
抽点	1
应试	1
二月份	1
刘知炳	1
帮	1
惊人	1
西安	1
沐浴	1
扑面	1
春风	1
机遇观	1
姜颖	1
自始至终	1
外敌	1
入侵	1
怀抱	1
谷野	1
酞郎	1
孙东	1
民管	1
克江	1
压缩	1
毛纺	1
丝绸	1
核战略	1
农发行	1
虚报	1
浮夸	1
引入	1
道义	1
炮长	1
装定	1
弹机	1
弹种	1
推弹	1
入膛	1
强制性	1
隐匿	1
败北	1
祸根	1
带进	1
沈伟光	1
购汇	1
木质	1
检疫	1
任人唯亲	1
乱纪	1
寄望	1
炸馆	1
阿曼	1
中南	1
区分	1
预备	1
牵引	1
民族观	1
宗教观	1
口口声声	1
远亲	1
归于	1
施琅	1
挥师	1
东渡	1
郑氏	1
顽抗	1
跻身	1
守	1
弥足	1
珍贵	1
大放厥词	1
所言所行	1
李保东	1
伯格	1
拜谒	1
拉宾	1
墓	1
弯腰	1
默哀	1
片刻	1
犹酞	1
遇难者	1
情	1
末日	1
大卫	1
教派	1
研究生	1
魏	1
惊奇	1
男女	1
公民权	1
和政	1
治权	1
早该	1
穆斯塔法萨法日尼	1
阿尔及尔	1
巴勒斯坦国	1
爱国心	1
库赖	1
作客	1
司马昭	1
路人	1
背	1
招	1
法纪	1
中选	1
财税	1
鉴别	1
奥贝德	1
亚历山大	1
浦东	1
祁连山	1
雪线	1
农田	1
沙漠化	1
穷人	1
逐月	1
洛阳市	1
黄河	1
小浪底	1
工地	1
小幅	1
波动	1
甚寡	1
一九九年	1
死硬	1
狂悖	1
事实实	1
绕	1
摆出	1
泼皮	1
架式	1
炎黄	1
百分之九十	1
昧着	1
良心	1
十四	1
一九四	1
继位	1
落败	1
侧重	1
奉陪	1
两千五百多	1
洋溢	1
相继锨	1
巴里	1
虚实	1
谎言	1
希方	1
希	1
权谋私	1
课题组	1
豪登省	1
遵照	1
出差	1
宾西法尼亚	1
谍报	1
温和	1
清晨	1
一千二百	1
带到	1
郊区	1
东城	1
拘留所	1
屈尊纡贵	1
tracyzhao	1
一九九	1
自述	1
龙年	1
收容	1
时称	1
东城区	1
安定门	1
琉璃寺	1
中学生	1
茉莉花	1
切割	1
约翰内斯堡市	1
首饰	1
工艺品	1
诺言	1
开普敦	1
伸到	1
好像	1
请来	1
当政者	1
李南玲	1
炼油厂	1
化肥厂	1
制药厂	1
狂	1
含毒	1
云烟	1
傲慢	1
早点	1
工作组	1
第十二	1
李廷彬	1
德米雷尔	1
敌我	1
本社	1
生生不息	1
脊梁	1
教条主义	1
历史主义	1
淡漠	1
主客观	1
闽西	1
陆	1
尖	1
样样	1
俱全	1
成才	1
脱颖而出	1
旺	1
公	1
歪	1
衰	1
公道	1
公论	1
一九四五年	1
投降	1
荒唐	1
军部	1
甲	1
港区	1
一举	1
营口市	1
报关	1
申报	1
虞列贵	1
银行业	1
税	1
尺度	1
易于	1
任意性	1
加权	1
加总	1
提取	1
准备金	1
充足	1
投资区	1
实验区	1
捆住	1
重量级	1
拳手	1
取胜	1
可选择性	1
联合性	1
协作性	1
时效性	1
定量	1
描述	1
辅助	1
合理性	1
警戒线	1
综合性	1
防洪	1
堤防	1
运用于	1
西非	1
塞拉利昂	1
人质	1
沸沸扬扬	1
服役期	1
成套	1
办完	1
中产	1
制毒	1
化学品	1
时空	1
莫非	1
一零零零亿	1
颠倒	1
嫁祸于	1
出版史	1
百科全书	1
编委会	1
丛书	1
首倡者	1
胡乔木	1
追思	1
亟待	1
懊悔	1
莫及	1
整件	1
冤枉	1
专人	1
失控	1
摇篮	1
宝库	1
船舶	1
立足	1
唯物	1
辩证法	1
片面性	1
形而	1
上学	1
福音	1
莫忘	1
民族化	1
西方化	1
同义词	1
主导权	1
呼唤	1
质变	1
仿真	1
逼真	1
预实践	1
蒋氏	1
米尔扎	1
脸	1
通告	1
总还	1
算是	1
只不过	1
伤害	1
听其言	1
接下来	1
淳安	1
县乡	1
平稳地	1
软着陆	1
含有	1
人防办	1
清正廉洁	1
代表权	1
力推	1
八百万	1
分委会	1
重蹈	1
合营	1
惠国牌	1
露面	1
黎	1
不是	1
总装备部	1
政委	1
朱增泉	1
蒙混	1
过关	1
神	1
森西朗	1
真意	1
歌功颂德	1
继承者	1
测算	1
安徽	1
税改	1
减幅	1
养老	1
保险费	1
差额	1
全额	1
一九八八年	1
赔款	1
给付	1
三千一百亿	1
公明党	1
冬柴铁	1
野	1
田毅	1
封杀	1
张惠妹	1
免费	1
吴云瑞	1
巧言令色	1
掩饰	1
必备	1
挨打	1
冲锋	1
突出重围	1
物力	1
凭	1
车头	1
破坏性	1
体弱	1
救灾	1
外托	1
内怀	1
不义	1
摩西	1
不言而喻	1
跳出	1
圈外	1
访俄	1
用于	1
否掉	1
反盗版	1
华南	1
盗版	1
无害	1
余心	1
伎俩	1
日本人	1
接获	1
保安局	1
查问	1
团聚	1
避重就轻	1
于世	1
在先	1
在后	1
预想	1
立意	1
朝向	1
只字未提	1
六分之一	1
份量	1
一百多	1
抹灭	1
伤痕	1
缘	1
七十	1
弹奏	1
魔力	1
音符	1
比起	1
清政府	1
马关	1
霸占	1
同于	1
年增长率	1
名利	1
藤森	1
秘鲁	1
秘	1
情势	1
封函	1
马丹	1
敬重	1
城楼	1
联想	1
立论	1
不复	1
痴心妄想	1
更替	1
柳暗花明	1
查考	1
说者	1
捏造	1
明定	1
稍	1
扔进	1
垃圾栈	1
经叔平	1
周铁农	1
真知灼见	1
差	1
春小麦	1
早籼稻	1
玉米	1
播种	1
转化率	1
彭明敏	1
磨去	1
明独	1
菱角	1
暗独	1
漳州	1
福清	1
长乐	1
连江	1
罗源	1
闽江	1
上游	1
市区	1
招商月	1
软硬	1
着意	1
一意孤行	1
会前	1
邮电	1
张秀发	1
出事	1
岂	1
单是	1
接受者	1
轮训	1
黄菊	1
前脚	1
后脚	1
奔赴	1
罗马	1
场地	1
单舰	1
全训	1
陈锦华	1
罗豪才	1
八日	1
应约	1
要员	1
吊唁	1
置之脑后	1
继任者	1
失言	1
台当局	1
行吗	1
土地换	1
讲课	1
参训	1
议军会	1
新建	1
主导性	1
兵器	1
放矢	1
照料	1
循	1
抵制	1
副研究员	1
王国贤	1
求稳	1
三万七千	1
撕毁	1
料到	1
筹备	1
如火如荼	1
转弯	1
国庆日	1
统筹兼顾	1
碧	1
刘坚	1
汪纪戎	1
挂钩	1
奥秘	1
相一致	1
南北方	1
北南方	1
现金	1
同比	1
譬如	1
快捷	1
输送	1
博	1
根植于	1
经办	1
一百零一万	1
工伤	1
国家局	1
沙海	1
火热	1
道道	1
封锁线	1
黑板	1
挂图	1
粉笔	1
司训	1
台岛	1
膨胀	1
交叉	1
数	1
案发	1
陈建国	1
案犯	1
落网	1
谈话会	1
扫黄打非	1
攻坚战	1
重槌	1
野蛮	1
吓倒	1
反侵略	1
npt	1
审议会	1
核扩散	1
高雄港	1
台中港	1
布袋港	1
库昌	1
长子	1
车祸	1
身亡	1
眼下	1
有条不紊	1
守信	1
李宪章	1
统一部	1
朴在圭	1
观光部	1
朴智元	1
共荣	1
一本正经	1
难免	1
上文	1
厚	1
人伦	1
教化	1
移	1
潜移默化	1
钟敏	1
高低	1
李毅中	1
孙运璇	1
就读	1
哈尔滨	1
校庆	1
山东省	1
老家	1
探亲	1
接见	1
斯洛文尼亚	1
随笔	1
杂志	1
文学性	1
文化界	1
危急	1
挑	1
任劳任怨	1
精确	1
制导	1
制药	1
拉昌	1
讲坛	1
马西雷	1
重申斯	1
抗灾	1
受制于	1
神灵	1
清除	1
垃圾	1
旅整群	1
反偷	1
渡	1
航班	1
边检	1
耽误	1
沈	1
供述	1
福安号	1
运送	1
丰厚	1
小费	1
封住	1
明知	1
欲罢不能	1
请江	1
多元化	1
艾滋病	1
性病	1
肝炎	1
传染病	1
身心	1
反分裂	1
发誓	1
干下去	1
无所作为	1
晋安区	1
老伯	1
一帆风顺	1
自卫队	1
理	1
壁上观	1
广告业	1
强加于人	1
张掖	1
有年	1
石岗墩	1
大棚	1
两口子	1
老教师	1
叮嘱	1
保重	1
流派	1
见解	1
争鸣	1
指针	1
新版	1
辞海	1
彩图	1
普及本	1
缩印本	1
版权司	1
王化鹏	1
懂	1
舍得	1
花上	1
几千	1
买回	1
买下	1
正版	1
先决	1
开放性	1
雪	1
送炭	1
锦上添花	1
何来	1
喀什市	1
恢复性	1
阿利耶夫	1
继阿利耶夫	1
热点	1
拖后	1
牟取	1
贩卖	1
不相上下	1
人类学	1
惯性式	1
军地	1
蔡家福	1
严肃性	1
牵扯	1
进去	1
滋味	1
当日	1
莫	1
水价	1
本色	1
五千年	1
亲和力	1
抱有	1
迁	1
农入市	1
赵朴	1
民防局	1
一亿九千万	1
百分之三点三	1
百分之四点一	1
九百	1
一九八四年	1
量	1
三千一百	1
交待	1
保山	1
客运站	1
接运	1
昆明	1
交货	1
锻炼	1
六百九十二亿	1
三点一	1
不大	1
多半	1
国统	1
主	1
旋律	1
情感	1
闭关	1
锁国	1
用坚	1
船	1
利炮	1
弱	1
公有制	1
私有制	1
军火商	1
怪	1
做祟	1
联军	1
赢家	1
坚忍不拔	1
学历	1
通用	1
勃勃生机	1
补入	1
清查	1
编定	1
页数	1
加具	1
封面	1
装订	1
成册	1
加盖	1
公章	1
会计师	1
长征	1
十九	1
保加利亚	1
燃油	1
下半月	1
血浓于	1
主角	1
侨胞	1
德意志	1
化敌为友	1
警察厅	1
安保法	1
追查	1
罢手	1
天外	1
大群	1
天外天	1
前哨	1
有章可循	1
失职	1
渎职	1
没落	1
愚昧	1
领导权	1
社柏林	1
谭宏伟	1
扬巴	1
巴斯夫	1
整体性	1
前行	1
幕幕	1
惨剧	1
毛毛	1
心底	1
心头	1
愈合	1
轻轻	1
书页	1
迎面	1
映入	1
眼帘	1
字迹	1
九十五	1
纪念日	1
本省	1
地盖	1
房子	1
盖	1
堂皇	1
汉堡	1
奥尔特温	1
现代级	1
四分之一强	1
鄂州	1
军分区	1
肥肉	1
吐	1
公益性	1
江门	1
痛惜	1
塔吉克	1
杜尚别	1
王岐山	1
叶茂	1
硕果累累	1
再接再厉	1
争创	1
开源	1
党中央	1
相得益彰	1
自检	1
奔向	1
侵蚀	1
根基	1
打胜	1
手持式	1
干扰仪	1
自称	1
英里	1
吉中塔	1
交界点	1
吉同	1
反恐怖主义	1
渔业法	1
限额	1
长老	1
敬奉	1
礼遇	1
面包	1
退耕还湖	1
蝗灾	1
吵吵	1
党纲	1
定名	1
招摇	1
撞骗	1
声誉	1
张东梁	1
调入	1
信阳市	1
外贸局	1
下属	1
茧丝绸	1
审计署	1
少征	1
漏征	1
补征	1
入库	1
纳卡	1
积怨	1
李干元	1
尼亚佐夫	1
答道	1
最迟	1
格陵兰	1
北部	1
追踪器	1
线制	1
绿色	1
杀人犯	1
胡军	1
伙同	1
晚十	1
杀害	1
肢解	1
法官	1
检察官	1
首访	1
斡旋	1
叛军	1
伤透脑筋	1
浩大	1
查清	1
市议会	1
反应热烈	1
钱皮	1
郭振干	1
决算	1
担负	1
乌兹别克	1
先声	1
土库曼	1
销售者	1
吊销	1
强制	1
吃透	1
用足	1
用活	1
三位一体	1
诺贝尔	1
联名	1
浪费	1
笔意	1
希拉克	1
轮值	1
晋级	1
英语	1
入盟	1
缓冲	1
地带	1
青海	1
附加	1
世行	1
大渡河连	1
大凡	1
磨炼	1
困苦	1
驻军法	1
潮水	1
奔涌	1
问世	1
计算	1
相联	1
触角	1
伸向	1
初现	1
来得及	1
凡	1
创业板	1
入股	1
发明者	1
贡献者	1
非专利	1
折股	1
李炳才	1
为时	1
享	1
滞销	1
销路	1
欧委会	1
异	1
细节	1
转运	1
大都市	1
缠结	1
失为	1
师级	1
担当	1
海协会	1
打完	1
大政	1
一码事	1
锐意	1
正相反	1
大肆鼓噪	1
无视	1
中小	1
卢森堡	1
李诗佳	1
东欧	1
适用于	1
周志怀	1
祗求	1
基点	1
诸如此类	1
戴维营	1
全心	1
错失良机	1
向下	1
沉沦	1
即席	1
分行业	1
盈利	1
哀鸣	1
呼多	1
不民主	1
管治	1
独裁	1
网页	1
水际	1
响起	1
隆隆	1
爆炸声	1
排排	1
冲天	1
水柱	1
突击群	1
分析家们	1
绝路	1
金仓	1
种子	1
栽培	1
朴素	1
批次	1
人次	1
科级	1
试用	1
免去	1
裁判员	1
选派	1
足球	1
年轻化	1
根治	1
时代感	1
远来	1
念经	1
念	1
这时候	1
难关	1
核战争	1
阴云	1
殊	1
零	1
干旱	1
收割	1
机收	1
农业界	1
夏收	1
秋熟	1
作物	1
丰收	1
索研	1
李佳路	1
驶入	1
提及	1
订货	1
前天	1
选题	1
投影仪	1
敌情	1
看车	1
接到	1
周天	1
寒	1
安保	1
绑上	1
战车	1
心事	1
热和	1
战无不胜	1
自知	1
看重	1
协议会	1
单边	1
养尊处优	1
闲	1
没事儿	1
山上	1
影儿	1
静观	1
敬献	1
故宫	1
北海	1
前后	1
理直气壮	1
拨开	1
迷雾	1
搁浅	1
探	1
另择	1
反战	1
打住	1
回忆录	1
广岛	1
指挥官	1
看守	1
人道	1
灌	1
食	1
牛奶	1
授意	1
租借	1
得计	1
识破	1
如众	1
中止	1
恶性	1
旗	1
出师	1
绕开	1
加空	1
g	1
峰	1
早到晚	1
ngo	1
弗雷泽	1
撰文	1
自私性	1
短视性	1
危险性	1
雇用	1
二千六百多	1
嘉手纳町	1
人祗	1
七十六	1
悬案	1
雅加达	1
飘扬	1
鲜艳	1
红地毯	1
停机坪	1
铺	1
贵宾室	1
消独	1
回函	1
法令	1
公文	1
托词	1
骗子	1
开个	1
骗术	1
高明	1
录像	1
会道	1
癫狂	1
单刀直入	1
一把	1
之战	1
旷日持久	1
原子	1
弹起	1
加之	1
意欲	1
顾虑重重	1
盾牌	1
院长	1
培训班	1
根植	1
瓦希德	1
去信	1
艰苦卓绝	1
数十亿	1
挣脱	1
枷锁	1
留待	1
不战而胜	1
僵化	1
一成不变	1
死路	1
低潮	1
高潮	1
新途	1
信息权	1
制海权	1
制空权	1
制天权	1
接触性	1
惨烈	1
加码	1
租赁	1
罗马尼亚	1
一万四千	1
丹戎	1
前人	1
脱愚	1
脱贫	1
应用于	1
贯穿于	1
驱动	1
猛烈	1
点名	1
街头	1
暴行	1
施瓦布	1
营地	1
普天间	1
定为	1
搬	1
迁地	1
家乡	1
洗礼	1
特	1
本版	1
以飨读者	1
手工	1
寻机	1
歼敌	1
威力	1
对空	1
反干扰	1
担保	1
结出	1
葛连成	1
挤垮	1
外来者	1
售票	1
经营权	1
变相	1
约定俗成	1
隐性	1
油品	1
矿石	1
水泥	1
木材	1
冶炼	1
运量	1
停步	1
因地制宜	1
各负其责	1
确有	1
阿加特	1
联合体	1
居港权	1
婴儿	1
孤儿	1
黄河清	1
台长	1
打伞	1
无法无天	1
言而无信	1
摆事实	1
险度	1
侦察兵	1
比武	1
搭桥	1
扛运	1
藏匿	1
山凹	1
独树一帜	1
冒	1
首府	1
普里什蒂纳	1
撤出	1
贸易国	1
曼谷	1
社保	1
挤占	1
阳东县	1
社保局	1
地皮	1
熊振南	1
分期	1
分批	1
深股市	1
走牛	1
记取	1
弱国	1
冷淡	1
梅香里	1
法务部	1
下级	1
收受	1
礼品	1
讼诉	1
附带	1
核对	1
笔录	1
记载	1
遗漏	1
差错	1
改正	1
七三一	1
凤生	1
课目	1
环酞平洋	1
是役	1
操练	1
事出有因	1
索马里	1
美国式	1
鹰	1
捕到	1
咬	1
遍体鳞伤	1
制服	1
征服	1
地面	1
许惠佑	1
势将	1
缺席	1
分辨率	1
降水	1
亲笔	1
题名	1
庞道沐	1
副省长	1
利弊	1
未雨绸缪	1
垂直	1
储备粮	1
容许	1
桃园	1
新竹	1
嘉义	1
公馆	1
台南	1
屏东	1
花莲	1
传销	1
结合部	1
屋内	1
实则	1
量身	1
订制	1
好恶	1
阴影	1
在位	1
自鸣	1
得意	1
中美洲	1
许岩胜	1
周猛	1
厮杀	1
应运	1
应生	1
和田	1
三同	1
修建	1
防灾	1
减灾	1
汛期	1
防治	1
悠然	1
三百	1
所思	1
范国祥	1
生命权	1
歼轰七型	1
战轰机	1
地貌	1
团里	1
训练史	1
海拔	1
组织团	1
营	1
风沙酞	1
风门	1
堵住	1
参观团	1
梦	1
奇怪	1
美国化	1
经贸委	1
农副产品	1
饲养	1
地域性	1
束	1
十一万	1
酝酿	1
长久	1
超采	1
取之不竭	1
误区	1
打井	1
取水	1
河北省	1
大名县	1
水利局	1
张峰	1
浇地	1
认	1
省事	1
狗尾续貂	1
创意	1
实效性	1
骂	1
要胁	1
迭	1
消毒	1
降温	1
干好	1
干坏	1
样	1
新人	1
风风雨雨	1
战役	1
声势浩大	1
免受	1
陆军省	1
海军省	1
共管	1
派兵	1
禁忌	1
北之丸	1
武道馆	1
战殁者	1
追悼	1
外宣	1
爱国会	1
主教团	1
主教	1
波及	1
输于	1
可怕	1
嘉木样	1
澳方	1
贸易部	1
副秘书长	1
库珀	1
生灵	1
致死	1
揭穿	1
垮	1
啊	1
称羡	1
容量	1
阅读	1
已成	1
国际台	1
显露	1
阻拦	1
郭品	1
医学院	1
附属	1
邵逸夫	1
党政群	1
坦承	1
吕梁	1
救济	1
开仓	1
借粮	1
多渠道	1
重灾区	1
口粮	1
旱灾	1
代表处	1
国台办	1
报派	1
合	1
点心思	1
治党	1
劲	1
趋同	1
肯尼迪	1
感召	1
多彩	1
同行们	1
潜藏	1
胡康生	1
引渡法	1
落脚点	1
杜青林	1
拍	1
即合	1
刑法	1
第一百九十五	1
诈骗罪	1
被告席	1
张建中	1
受理	1
律师界	1
名气	1
刑诉法	1
难于	1
大骂	1
马虎	1
丢人	1
丢到	1
下令	1
死难	1
志哀	1
失事	1
用事	1
众生	1
反机动	1
己方	1
预习	1
条块	1
中关村	1
刘淇	1
独家	1
实录	1
工业用	1
污	1
异端邪说	1
哈尔滨市	1
进修	1
恪尽职守	1
碰硬	1
有效性	1
银兴	1
规划法	1
惹	1
行政院长	1
中正	1
等候	1
阵前	1
适宜	1
缠足	1
违	1
碰壁	1
婉拒	1
自取其辱	1
感召力	1
正确性	1
伊斯兰教	1
分校	1
完美	1
弄	1
门槛	1
教导	1
隔阂	1
大众	1
筹划	1
群	1
定购	1
最新型	1
走到	1
二道河	1
场部	1
场区	1
科考	1
浇	1
盆	1
冷水	1
闵道长	1
戴	1
深色	1
道冠	1
粗	1
布道	1
仙	1
风道骨	1
八百亿	1
受审	1
许某	1
揭发	1
随传随到	1
专案	1
中下旬	1
使者	1
抚慰者	1
医治	1
宽容	1
功效	1
华尔道夫	1
门口	1
华文	1
丛生	1
领袖们	1
苦心孤诣	1
呐喊	1
无尽	1
战火	1
仁慈	1
博爱	1
受邀	1
传奇	1
空位	1
参众	1
品行	1
外在	1
姚志胜	1
闻到	1
风声	1
携带	1
旅美	1
分设	1
厅	1
拉戈斯	1
目前智	1
拘泥于	1
想象力	1
浪漫主义	1
沪台	1
高科技	1
相望	1
义乌	1
枪击案	1
五千万	1
调减	1
百分之三	1
十六点五亿	1
露头	1
参演者	1
军级	1
隔年	1
参演	1
利刃	1
东北部	1
西侧	1
假设	1
布思罗伊德	1
温床	1
妨害	1
莫尔加特	1
倒行逆施	1
出自	1
奥德松	1
石河子	1
中专	1
跃入	1
施工	1
沈阳市	1
变迁	1
同宗	1
同源	1
百家争鸣	1
阿达姆库斯	1
途经	1
妨碍	1
抛	1
更趋	1
两三	1
爬升	1
理智	1
烫手	1
山芋	1
约万诺维奇	1
所述	1
特多	1
波幅	1
外币	1
心脏	1
夏威夷	1
兰茨贝吉斯	1
格拉日	1
娜	1
兰茨贝格涅	1
陛下	1
sdi	1
俗称	1
mtcr	1
黑箱	1
送上	1
稍加	1
换算	1
飞至亚酞	1
归来	1
世世代代	1
反倾销法	1
措施法	1
温	1
古话	1
平直	1
方圆	1
规矩	1
独联体	1
敲	1
凯洛	1
致志	1
登高望远	1
公益	1
尊师	1
重教	1
风尚	1
征战	1
军团	1
不少于	1
吹鼓手	1
封存	1
立法会	1
指引	1
老工人	1
辽宁省	1
新近	1
外埠	1
机动车	1
驾驶员	1
违章	1
定心丸	1
长荣	1
浓烈	1
火药	1
气息	1
花朵	1
风霜	1
雨雪	1
装甲车	1
直升飞机	1
戴秉国	1
克里姆林宫	1
柳德米拉	1
惨遭	1
杀僇	1
公职	1
愿为	1
决策者	1
初衷	1
保全	1
面子	1
检方	1
辩诉	1
杀伤力	1
战争狂们	1
起运	1
装车	1
毒物	1
检测	1
疫区	1
样品	1
防化学	1
防化	1
专业队	1
地铁	1
沙林	1
毒气	1
嚓嚓嚓	1
噪声	1
通话	1
通信网	1
款	1
无期	1
终身	1
控辩	1
蜕变	1
人生观	1
倾斜	1
耶尔科维奇	1
转交	1
伊泽特贝戈维奇	1
亲笔信	1
哈斯特尔特	1
洛斯阿拉莫斯	1
欧洲裔	1
安然无事	1
复谈	1
曾建徽	1
之门	1
于吉	1
九十年代	1
副检察长	1
赵登举	1
反贪	1
早前	1
二百七十八	1
刑期	1
故此	1
好在	1
硬汉	1
清白	1
联调局	1
许嘉璐	1
李骥	1
兼任	1
京信	1
事实上	1
污浊	1
李文和案	1
告	1
段落	1
华裔	1
有目共睹	1
远华案	1
莆田	1
专卖局	1
平级	1
直通车	1
更正	1
起降	1
考察船	1
放开	1
蓝甫	1
手铐	1
脚镣	1
看守所	1
旁听者	1
杨进行	1
宝	1
误导	1
纵深	1
迂回	1
四面八方	1
偶发	1
防御性	1
产地	1
杂	1
兼容	1
高效率	1
战力	1
一回事	1
银广夏	1
吸纳	1
数千	1
五六千	1
软性	1
塔吉克斯坦	1
内乱	1
联成一片	1
碱化	1
放射性	1
空气	1
林某	1
京义	1
伸开	1
臂	1
拥抱	1
春天	1
佳绩	1
杨改清	1
大校	1
走私罪	1
审讯	1
供出	1
石兆彬	1
升任	1
副书记	1
秘书	1
平战	1
对垒	1
食品类	1
朝野	1
传声筒	1
庭	1
审判长	1
硕士	1
中午	1
休息	1
公诉	1
举证	1
六点半	1
底气	1
空余	1
营院	1
斯大林	1
司马义艾买提	1
丁光训	1
零零散散	1
恩格尔	1
降至	1
安利	1
温安洛	1
董事局	1
多少力	1
暨	1
厦门市	1
账户	1
跟随	1
经济界	1
体育界	1
日韩	1
重头戏	1
柔性	1
同业	1
信誉	1
排行	1
投资类	1
消费类	1
歼灭	1
有生	1
分散	1
可见	1
位移	1
李高成	1
浩然	1
打动	1
圈子	1
中编	1
国计	1
民生	1
严守	1
中立	1
编列	1
两百八十四亿	1
两千多万	1
六十五亿六千多万	1
百分之二十三点一	1
打死	1
三十多	1
叶利钦	1
东西方	1
预测性	1
拟于	1
总揽	1
有偿	1
潘文凯	1
孙亚夫	1
保护性	1
粗放型	1
延安	1
电信局	1
战略区	1
根据地	1
通信站	1
无线	1
指挥网	1
报知网	1
工农	1
麻原	1
进修班	1
聆听	1
花费	1
随行	1
残疾人	1
艺术团	1
演员	1
张学良	1
舞蹈	1
九一年	1
动脑筋	1
下功夫	1
能动	1
无可辩驳	1
疏于	1
宋平	1
李贵鲜	1
张劲夫	1
证书	1
榜样	1
铿锵有力	1
豪迈	1
辽阔	1
苍穹	1
回响	1
经营性	1
非经营性	1
谬说	1
阔步	1
雄伟	1
炮舰	1
数以千计	1
天主教会	1
封为	1
圣人	1
罗廷荫	1
入教	1
近代史	1
依仗	1
治外法权	1
为非作歹	1
累累	1
历历在目	1
气冲霄汉	1
怒吼	1
心潮	1
纵情	1
欢呼	1
长江	1
奔流	1
组网	1
gps	1
无线电	1
采购费	1
大头	1
福清市	1
龙	1
高堂区	1
捕	1
殴打	1
吐血	1
一气	1
官	1
失之于宽	1
朋友们	1
善自处	1
德国人	1
哗众取宠	1
做骚	1
不可测	1
特稿	1
政经	1
动荡不安	1
直选	1
祸	1
福	1
分阶段	1
二七年	1
领到	1
生活费	1
大权	1
大饼	1
过江之鲫	1
生意场	1
突显	1
名词	1
劲样	1
在乎	1
瓜分	1
危机感	1
打通	1
评议	1
测评	1
施政者	1
得失	1
着眼于	1
写进	1
健儿	1
喜气洋洋	1
华诞	1
金淑英	1
用意	1
强身	1
痛骂	1
纠集	1
变换	1
弘法	1
护法	1
曝从	1
醴陵	1
农工	1
反抗	1
扑城	1
暴动	1
抽调	1
缅甸	1
耿飚	1
调兵	1
遣将	1
密布	1
大选日	1
朝侨	1
使节	1
阅兵式	1
人民军	1
风貌	1
莫桑比克	1
明智	1
识时务者	1
俊杰	1
赵明录	1
形式多样	1
化学战	1
互用	1
西南	1
劲松	1
陈依文	1
特约	1
万元	1
保管员	1
主攻	1
分队	1
压制	1
损坏	1
输送车	1
从属	1
被动式	1
幕后戏	1
机动式	1
定点	1
军装备	1
挫败	1
布特弗利卡	1
序曲	1
康赛	1
徐鹏航	1
张建萍	1
徐家	1
转回	1
皇宫	1
皇	1
明仁	1
日圆	1
隔世	1
归根结底	1
死心塌地	1
大伤脑筋	1
快刀斩乱麻	1
手腕	1
广	1
秉承	1
遗志	1
先驱们	1
卲灵	1
起程	1
斗智	1
斗勇	1
场景	1
观礼台	1
屏幕	1
九时	1
整燕山	1
裂空	1
乐章	1
野林深处	1
集结	1
坪车	1
配电	1
错落	1
排开	1
百分之百	1
伋取	1
隔几	1
大范围	1
创举	1
琴弦	1
细调	1
韵致	1
尽出	1
尽显	1
气派	1
教育家	1
吴玉章	1
华北	1
据知	1
撒切尔	1
四分之一	1
物质性	1
寂静	1
皇粮	1
昂贵	1
机器人	1
童施建	1
童	1
吕某	1
副首相	1
赫塞尔廷	1
开幕式	1
外访	1
车站	1
看见	1
驻足	1
欢送	1
上车	1
村山富市	1
四百亿	1
李显龙	1
严竣	1
相机	1
濒海	1
启蒙	1
恩格斯语	1
江西省委	1
不够	1
诚	1
虎口	1
拔牙	1
功臣	1
坦克车组	1
临	1
山林	1
大韩	1
出色	1
菲舍尔	1
组长	1
钜	1
跨世纪	1
基本面	1
抛开	1
回望	1
自立于	1
承受力	1
抗御	1
候补	1
书记处	1
深加工	1
卓识	1
摒弃	1
成见	1
签到	1
参会	1
等同于	1
服务性	1
早报	1
采访团	1
报业	1
副总裁	1
华文报	1
周景锐	1
往前	1
旧有	1
窠臼	1
打转	1
总要	1
转折性	1
当朝	1
建筑	1
吃吃	1
麻辣烫	1
搓搓	1
麻将	1
小富即安	1
新鲜	1
血液	1
工农业	1
买方	1
序言	1
来讲	1
总的来看	1
蜜月期	1
等着	1
人所共知	1
信任度	1
一九八九年	1
南酞平洋	1
四十多	1
参战	1
国际主义	1
放光辉	1
抗美援朝	1
洪学智	1
瞎搞	1
邓华	1
明天	1
落空	1
献	1
缎带	1
烈士	1
丰功	1
伟绩	1
长存	1
装潢	1
门面	1
博取	1
昨晚	1
截稿	1
电讯报	1
接续	1
密谋	1
关口	1
前移	1
事前	1
参考	1
伪劣	1
禁	1
止	1
参与制	1
售假	1
售	1
实体法	1
诉讼法	1
监督权	1
夏衍	1
人格	1
迸发	1
耀眼	1
光芒	1
函授	1
表彰会	1
自古以来	1
田聪明	1
读卖	1
沙娜	1
判定	1
虐待	1
台港澳侨	1
妇女界	1
陪审员	1
夏德冯魏茨泽克	1
主观主义	1
议联	1
赫卜杜拉	1
约翰松	1
李鹏率	1
竞标	1
失利	1
签定	1
普查	1
买卖	1
涂改	1
变造	1
归侨	1
侨眷	1
衔接	1
第十七	1
合作者	1
汇往	1
高涨	1
测验	1
新低	1
不再	1
特地	1
风灾	1
空难	1
核四	1
投资人	1
变小	1
离得	1
着力于	1
相当于	1
自由刑	1
简易	1
备份	1
诚挚	1
刁钻	1
顿时	1
静	1
一并	1
汇聚	1
转发	1
采写	1
oem	1
原始	1
董维	1
随和	1
理解人	1
基本点	1
赋税	1
戈兰	1
购得	1
讹传讹	1
听者	1
方知	1
上当	1
受骗	1
一介	1
布衣	1
外州人	1
置地	1
安家	1
州长	1
威尔逊	1
指派	1
卡氏	1
遗孀	1
骇客	1
侵入	1
信箱	1
可观	1
获胜	1
艾奥瓦州	1
威斯康星州	1
计票	1
美式	1
文方	1
风波	1
进口国	1
王国	1
光通信	1
光缆	1
器件	1
矿带	1
西	1
南召县城	1
云阳	1
方城	1
泌阳县	1
羊册	1
贯彻江	1
相待	1
富于	1
实干	1
时时处处	1
实话	1
务	1
互派	1
领取	1
求职	1
牢固	1
举国	1
可信	1
侈谈	1
一九八	1
边陲	1
杨怀庆	1
撇下	1
入台	1
之机	1
功不可没	1
回头	1
督促	1
午夜	1
期限	1
佛州	1
调解人	1
责成	1
具体化	1
加勒比	1
合作部	1
哈桑纳尔	1
摩中	1
剖析	1
信贷	1
途中	1
重庆	1
蔡英文	1
单向	1
辞别	1
贵客	1
高级别	1
调查组	1
落幕	1
谢幕者	1
派定	1
无所适从	1
国土局	1
众说纷纭	1
第十三	1
债权人	1
债务人	1
资产额	1
清算组	1
一九九零年	1
更改	1
变通	1
惟恐落	1
办成	1
会务	1
突中	1
大一点	1
杨立宪	1
专员	1
玛丽	1
鲁滨	1
逊于	1
恶果	1
深渊	1
不大可能	1
吴伯雄	1
立足之地	1
分散相	1
饮水	1
水土	1
陈福今	1
中组部	1
虞云耀	1
陈伟兰	1
结业式	1
集团化	1
震荡	1
构架	1
疏通	1
航道	1
无核区	1
适用	1
订立	1
附件	1
应于	1
添购	1
鱼叉	1
系换	1
舰上	1
雄风	1
赵南起	1
马文瑞	1
邓力群	1
赵毅敏	1
北疆	1
边防线	1
跃马扬鞭	1
身影	1
不信任	1
先例	1
跳跃式	1
田中青	1
争斗	1
孟庆松	1
周川	1
高射机枪	1
高炮	1
集火	1
装备齐	1
诱惑	1
铤而走险	1
贩运	1
火控	1
余威	1
犹存	1
小鹰	1
杨帆	1
公证书	1
工作性	1
昧于	1
诡辩	1
吴黎明	1
反帝	1
信教	1
董辅礽	1
刘雁廉	1
生命线	1
花冈	1
拼音	1
割断	1
不见	1
旌旗	1
灯火通明	1
井然	1
幸存	1
民工	1
废墟	1
抢救	1
调和	1
事先	1
设定	1
妄加	1
日日奇	1
斯维拉诺维奇	1
二十七	1
潮州人	1
陈喜忠	1
遇难	1
万分	1
说情	1
日俄	1
遥遥无期	1
巨响	1
数发	1
炮弹	1
承担者	1
不安定	1
质押	1
领略	1
风情	1
停战	1
三千	1
江山	1
人非	1
晴雨表	1
厘米	1
水泥板	1
把守	1
古老	1
闻名于世	1
战例	1
老旧	1
潜能	1
顶用	1
贫穷	1
主流派	1
上上	1
联创	1
常抓不懈	1
化生	1
一贯方针	1
博什格拉夫	1
无所不在	1
无所不能	1
唯它	1
朱穆	1
匈业	1
徒然	1
虚妄	1
满足感	1
一事无成	1
选情	1
安永基	1
乔晓阳	1
关昭	1
律政司	1
梁爱诗	1
当场	1
丝	1
成品	1
夏士莲	1
外包装	1
标识	1
藉助	1
一百七十二	1
百分之三十六点三	1
使用者	1
大法官	1
寄递	1
专营	1
通信权	1
反倾销	1
攘外	1
安内	1
忍受	1
xoceco	1
驰名	1
商标	1
突破口	1
造假	1
蛛丝	1
马迹	1
顺藤摸瓜	1
追击	1
逃	1
套汇	1
宋德福	1
顶住	1
深为	1
带给	1
狂风	1
恶浪	1
专才	1
至极	1
回过头来	1
可爱	1
即便	1
升空	1
时限	1
惊惶	1
失措	1
照片	1
没过多久	1
恼火	1
移师	1
远东	1
挺进	1
白令	1
非西方	1
有增无减	1
五湖四海	1
阅历	1
大案	1
贾春旺	1
债券	1
熊光楷	1
克瓦希涅夫斯基	1
于尔根	1
特里廷	1
德方	1
跟上	1
纷繁	1
起色	1
市里	1
配额	1
扣减	1
转口	1
好转	1
反腐倡廉	1
结案	1
重然诺	1
守信用	1
卡布里萨斯	1
嘱咐	1
环顾	1
惊呼	1
大中小	1
就业司	1
副司长	1
王爱文	1
刺探	1
滕春燕	1
正是	1
王永庆	1
日据	1
台大	1
法律系	1
教义派	1
高足	1
顶礼膜拜	1
普选票	1
选举人票	1
旗鼓相当	1
唐树备	1
祗同	1
增补	1
投票日	1
纳斯达克	1
技术股	1
道琼斯	1
下滑	1
东北亚	1
周小川	1
留法	1
霍尔果斯	1
边防连	1
巡逻车	1
驰骋	1
新修	1
小雪	1
跺脚	1
取暖	1
问鼎	1
责难	1
无知	1
因特网业	1
凶杀案	1
纵火案	1
于永波	1
沿线	1
攻击性	1
前面	1
盛岛	1
酒店	1
金养健	1
大雁	1
文教	1
盟邦	1
赌权	1
北欧	1
总的来说	1
澳门人	1
渡过	1
相聚	1
有感而发	1
早晨	1
早餐回	1
碰上	1
服务生	1
打扫	1
郑州	1
有名	1
西洋	1
乐器	1
演奏	1
民乐	1
中西合璧	1
美妙	1
乐曲声	1
通商	1
制裁圈	1
提纲	1
挈领	1
建言	1
后盾	1
图片	1
专辑	1
侨界	1
自发地	1
批判	1
正义之举	1
适度	1
美利坚	1
合众	1
恐慌	1
市民们	1
街谈	1
巷议	1
顾金池	1
税法	1
铁道部	1
乘胜追击	1
除恶务尽	1
科技界	1
社科界	1
法律界	1
推行乡	1
精简	1
苏盛义	1
非工程	1
洪患	1
自保	1
踏入	1
错综复杂	1
未知	1
伟业	1
巨变	1
众	1
候任	1
悲观	1
轻率	1
冒进	1
勘测	1
分门类	1
联组	1
政纪	1
李登海	1
离婚	1
妇联	1
抽样	1
得知	1
e	1
族群	1
获利	1
左转	1
右转	1
客气	1
桃子	1
熟	1
摘	1
威望	1
洛佩斯	1
市郊	1
安东尼奥	1
马塞奥	1
陵墓	1
二日	1
火灾	1
改朝换代	1
执政党	1
陷	1
运动史	1
珠海	1
便衣	1
酞低	1
郭永怀	1
逆反	1
抓起	1
二分之一	1
高峰	1
勘查	1
保健	1
军身分	1
挖空	1
扩军	1
备战	1
牟利	1
任重而道远	1
安心	1
堪称	1
拖拉	1
力戒	1
风	1
坚持不懈	1
户籍	1
纠风办	1
瓜果	1
鲜活	1
装载	1
超载	1
超限	1
法学院	1
吴志攀	1
主讲	1
征召	1
非军事	1
中直	1
接	1
任内	1
磨合	1
有望	1
无关	1
战斗群	1
国税	1
管好	1
杭州市	1
西湖区	1
觉陇村	1
俱乐部	1
水合物	1
器官	1
移植	1
家畜	1
繁殖	1
细胞	1
解析	1
证实	1
沧桑	1
穿越	1
尘烟	1
嘹亮	1
钟声	1
追寻	1
无可争辩	1
绯闻案	1
绯闻	1
始自	1
人选	1
驾	1
马车	1
难产	1
sun	1
怒	1
彻查	1
潮汕	1
港商	1
骗税	1
千亿	1
技术性	1
芝加哥	1
毕业于	1
名校	1
普林斯顿	1
主修	1
学士	1
看中	1
升迁	1
大致	1
陈水在	1
并称	1
殖民主义	1
掠夺	1
折	1
大起大落	1
周到	1
进香团	1
香客们	1
审限	1
所知	1
罢	1
动机	1
不同寻常	1
陈旧	1
俄式	1
单薄	1
站到	1
福利	1
反目	1
失和	1
分手	1
宣誓	1
大刀阔斧	1
同在	1
摩擦	1
联络办	1
王启人	1
详尽	1
一点七五亿	1
一千一百多万	1
经由	1
排斥	1
何智辉	1
立院	1
餐叙	1
转述	1
亲	1
特困	1
中视	1
新年	1
连线	1
制作	1
陈耀邦	1
直飞	1
通邮	1
通电	1
安民	1
奋争	1
版图	1
英联邦	1
案例	1
藉口	1
ait	1
卜睿哲	1
疲惫	1
大洋	1
苦练	1
喜	1
迎	1
恶意	1
抓出	1
肩上	1
西方人	1
折射	1
投弃权	1
微调	1
会费	1
离任	1
波黑	1
振荆	1
楚雄风	1
垄断性	1
挖	1
幕后	1
策划者	1
蓄意	1
交付	1
架数	1
返	1
转	1
雷达兵	1
李传训	1
赵波	1
隆冬	1
时节	1
华中	1
寒气逼人	1
无孔不入	1
埋下	1
德治	1
卡扎菲	1
零部件	1
花东	1
做实	1
模拟战	1
罔顾	1
九日	1
罗斯	1
同属	1
一九五七年	1
周长青	1
厄瓜多尔	1
建于	1
花岗岩	1
坑道	1
抗震	1
收复	1
阿塔拉什	1
徽牌	1
库城	1
解放日	1
升起	1
浮雕	1
网通	1
电信业	1
转基因	1
抗虫棉	1
遭遇	1
措辞	1
帕塔塞	1
勋章	1
越权	1
前茅	1
奔跑	1
怪物	1
标明	1
原载	1
先驱	1
论坛报	1
任毓骏	1
裁决	1
租	1
车轮	1
付给	1
扶养费	1
第四十四	1
遗弃	1
受害人	1
村民	1
校区	1
奠基	1
异动	1
气功	1
廿三	1
旅行	1
触犯	1
进军	1
阿马托	1
沙阿斯	1
强加	1
仇佩芬	1
王缉思	1
失衡	1
接班	1
过细	1
心结	1
研究者	1
海牙	1
华为	1
天文	1
超	1
x	1
伽马射线	1
宽能谱	1
测量	1
叶巨	1
演训流路	1
规画	1
汉光	1
陆战队	1
战技	1
砫陆	1
操演	1
东引	1
澎湖	1
季	1
乌丘	1
尖刀	1
敌前	1
地基	1
实用化	1
拦截器	1
大气	1
衰减	1
猜度	1
责权	1
分级	1
值班室	1
迷幻	1
魔鬼	1
捕获	1
击毙	1
加倍	1
走出	1
稳妥	1
详细	1
张麟征	1
翻转	1
安德拉邦	1
中医	1
疫苗	1
芬莱	1
医药	1
意向书	1
受益国	1
驻点	1
除夕夜	1
六十多	1
麦	1
里芝	1
蓄水池	1
败坏	1
贿赂	1
携款	1
在朝	1
营垒	1
三十万	1
一百一十四万五千	1
歧见	1
花生豆	1
配有	1
日炙	1
超音速	1
ssn	1
慷慨	1
政绩	1
甘	1
寂寞	1
当上	1
日常	1
刘涌	1
成性	1
砍杀	1
火拼	1
吉佩定	1
划入	1
禁区	1
管理区	1
外围	1
划定	1
毋庸置疑	1
牧民	1
安德鲁	1
宴会厅	1
琼斯	1
三十五	1
五十七	1
促进会	1
如此一来	1
去职	1
逾期	1
收回	1
演	1
烈	1
文告	1
陜西省	1
八十万	1
佳	1
无党派	1
南宁市	1
繁华	1
地段	1
麻村	1
岗亭	1
值勤	1
差不多	1
资深	1
编写	1
教案	1
静安	1
酞空站	1
寄生	1
瘫痪	1
那日	1
警惕性	1
小罗	1
冲出	1
院门	1
逃走	1
宋某	1
瘦小	1
女孩	1
飞奔	1
哭喊	1
叔叔	1
救救	1
冲向	1
灭火器	1
喷出	1
雾	1
压住	1
肆虐	1
火舌	1
北面	1
扑灭	1
救治	1
烧	1
伤者	1
少言寡语	1
痴痴	1
呆呆	1
恍惚	1
萎靡不振	1
天国	1
残疾	1
自理	1
躺	1
病床	1
揪心	1
谷	1
题中	1
之义	1
酞可悲	1
酞可惜	1
派出所	1
庙	1
修行	1
母亲	1
外地	1
弟弟	1
苦劝	1
姐姐	1
大动	1
干戈	1
稳住阵脚	1
捐款	1
学教	1
陈至立	1
冒出	1
东半	1
苏	1
稳定性	1
一九九三年	1
银河号	1
连日	1
无畏	1
炸药包	1
冤魂	1
之流	1
颠覆	1
痴心	1
投靠	1
追随者们	1
拙劣	1
悲哀	1
叫嚣	1
执	1
以身试法	1
三茬	1
故我	1
垮台	1
屈服	1
雄三	1
体积	1
飞	1
观	1
法西斯	1
计算机系	1
交情	1
甚笃	1
莱克	1
力荐	1
戏剧性	1
要职	1
运气	1
游刃有余	1
严惩	1
神教	1
张中伟	1
斯坦福	1
华棣	1
压倒性	1
决议案	1
罗素珍	1
痛心	1
蓝方	1
增援	1
造势	1
急需	1
不予	1
理睬	1
布热津斯基	1
蛊惑	1
蒙骗	1
抬高	1
饶有兴致	1
视察	1
市貌	1
软体	1
军援	1
北上	1
万象	1
巨舰	1
进发	1
披挂	1
造船厂	1
连同	1
卖给费	1
贝格	1
价钱	1
进贡	1
调查局	1
派驻	1
外委会	1
无理	1
以致	1
既有	1
脱节	1
道德观	1
相异	1
解脱	1
讨还	1
血债	1
绳之以法	1
清一色	1
金子	1
单调	1
乏味	1
来袭	1
陆基	1
洞察	1
冒天下之大不韪	1
怎	1
逞强	1
勇斗狠	1
政策会	1
潜伏	1
拿钱	1
外力	1
岳耀勇	1
卢晶	1
台州市	1
孙炎彪	1
受贿	1
双双	1
被惩	1
中联部	1
渥酞华	1
驻港	1
挂贴	1
建网	1
梳理	1
涵盖	1
东道主	1
蒙骗人	1
土崩瓦解	1
中来	1
绝伦	1
骗倒	1
经文	1
忍无可忍	1
铁	1
罪证	1
千夫所指	1
罪责难逃	1
长期性	1
尖锐性	1
练习者们	1
卖命	1
先前	1
拨款	1
改良	1
泊靠	1
科学性	1
现实性	1
襄助	1
蒙蔽	1
空间战	1
制假	1
参与权	1
发言权	1
斯洛伐克	1
蝉联	1
率团	1
精髓	1
符	1
集团性	1
国家队	1
联科	1
特派团	1
研习会	1
统合论	1
利川市	1
二百多	1
警力	1
拘捕	1
带去	1
益形	1
接入	1
港方	1
吃吃喝喝	1
仪式性	1
二零零二年	1
一百四十亿	1
副司令员	1
董秉印	1
往下	1
常人	1
自诩	1
法轮	1
绝对值	1
增额	1
塔河	1
下游	1
输水	1
塔里木河	1
日夜	1
奋战	1
荒无人烟	1
戈壁滩	1
李子彬	1
金华县	1
犯罪案	1
为所欲为	1
航天器	1
敌酞空	1
酞空战	1
飞速	1
甚么	1
一事	1
礼仪	1
分享	1
服饰	1
明星	1
梁家辉	1
张柏芝任	1
自焚者	1
常德市	1
谭一辉	1
血淋淋	1
拥塞	1
万多	1
处置	1
突发	1
偏大	1
病情	1
护士	1
读数	1
呼吸机	1
哭肿	1
泪水	1
鞋子	1
磨破	1
踪影	1
驻守	1
涵意	1
高乐圣	1
双城	1
签发	1
巴解	1
团队	1
不拘一格	1
反科学	1
叶小文	1
卢沟桥	1
日军	1
强占	1
成千上万	1
巴格达	1
上街	1
杂交	1
水稻	1
增产	1
稻谷	1
中程	1
挡	1
官校	1
应届	1
远洋	1
反毒品	1
霸	1
现实主义	1
题材	1
唱响	1
大戏	1
闪电式	1
确是	1
奥委会	1
评估团	1
巴黎	1
大阪	1
蒙受	1
宣读	1
勒令	1
拆除	1
置之不理	1
秀莲	1
性别	1
性格	1
项目区	1
援巴	1
力所能及	1
雄心勃勃	1
军事家	1
权衡	1
武器化	1
争夺战	1
公社化	1
挫伤	1
沈阳	1
陈政高	1
老老	1
实实	1
做人	1
清清	1
白白	1
做官	1
走走	1
举办权	1
低收入	1
偏偏	1
石破天惊	1
惊弓之鸟	1
压垮	1
骆驼	1
稻草	1
汽球	1
更高	1
标杆	1
以史为鉴	1
清洁	1
风能	1
酞阳能	1
奥运村	1
食物	1
运动员	1
启示	1
九撞南墙	1
悟出	1
一点儿	1
限	1
撑到	1
支持者	1
投桃报李	1
陈果	1
刘思影	1
误入	1
歧途	1
花季	1
年华	1
蔑视	1
办学	1
包庇	1
三十分	1
轮番	1
比利时	1
吴云	1
贫乏	1
可操作性	1
无文	1
st	1
pt	1
主子	1
安抚	1
成语	1
言必信	1
行必果	1
罗为	1
马哈蒂尔	1
博鳌	1
钱袋	1
贿选	1
出价	1
总政策	1
面越	1
夺取	1
撕心裂肺	1
哀求	1
劳教	1
接见室	1
妈	1
求求	1
超强度	1
病倒	1
住进	1
婚期	1
叶尔辛处处	1
原产国	1
约旦	1
安曼	1
巴勒斯坦人	1
德庆乡	1
加里曼丹	1
廖	1
接连	1
旧日	1
先贤	1
罗宾逊	1
超长期	1
枪击	1
司空见惯	1
泛滥	1
知情者	1
林桂和	1
奔	1
航船	1
新华网	1
排行榜	1
师父	1
说话	1
赶紧	1
补课	1
同学们	1
年级	1
财经委	1
副主任委员	1
周正庆	1
依	1
执法不严	1
阿南	1
惟茂	1
中国通	1
一九八七年	1
参赞	1
公使	1
综述性	1
散文	1
诗歌	1
征文	1
来稿	1
走笔	1
二年	1
阿尔韦托	1
阿鲁菲	1
忘	1
妙应寺	1
白塔	1
工艺师	1
阿尼哥	1
监造	1
劳动法	1
a	1
跌	1
齐怀远	1
推动者	1
照例	1
虚夸	1
张目	1
杀伤性	1
讳莫如深	1
不论是	1
猖狂	1
一九四九年	1
外经贸	1
一百四十多	1
五百七十多	1
梁植文	1
脑体	1
倒挂	1
无独有偶	1
丛正龙	1
安邦	1
见识	1
心里	1
怪胎	1
唐东成	1
儆戒	1
赵法箴	1
渔业	1
植被	1
指挥枪	1
萧灼基	1
提速	1
主力军	1
原动力	1
勾画	1
电波	1
柱石	1
谢佑卿	1
扩招	1
范宝俊	1
吴建国	1
位居	1
汽车业	1
匮乏	1
王文元	1
句话	1
专业化	1
产业化	1
寻销路	1
宏观性	1
刘洪滨	1
政府性	1
理顺	1
贾绍箕	1
外向型	1
密集型	1
云南省	1
听后	1
随即	1
视角	1
立功	1
谈吐	1
了绘	1
插话	1
新闻官	1
拆毁	1
佛像	1
普理赫	1
财长	1
微重力	1
掉以轻心	1
大举	1
五年	1
黑龙江	1
徐振湖	1
兴办	1
星罗棋布	1
破除	1
质量关	1
六十四万余	1
百分之六点二一	1
大锅饭	1
前任	1
乐见	1
运城	1
渗灌	1
古交市	1
工程院	1
比方	1
七二七	1
七四七	1
书画界	1
国境线	1
紧靠	1
毒源	1
金三角	1
工矿	1
陈锦彪	1
创业	1
热带	1
休闲	1
胜地	1
工业省	1
手心	1
手背	1
肉	1
回良玉	1
百分之二十九	1
阐发	1
注意力	1
脑力	1
迟早	1
用途	1
加薪	1
不顾	1
阻力	1
原材料	1
引资	1
刘佩琼	1
郑守增	1
昆山	1
苏州	1
无锡	1
苏南	1
心潮难平	1
欢聚一堂	1
共议国	1
六十九	1
求实	1
鼓劲	1
参政	1
议政	1
学习江	1
带兵	1
鉴别力	1
倪少杰	1
擦肩	1
甩	1
后边	1
统战	1
切身	1
改宪	1
企望	1
通篇	1
催人	1
奋进	1
军报	1
信息量	1
男	1
汉族	1
一九三五年	1
六七十	1
刻苦	1
汉文	1
哈萨克	1
彝	1
壮	1
经历者	1
牵	1
农牧民	1
二分之一多	1
陈全	1
辩论	1
身边人	1
许文龙	1
锐利	1
值班	1
抽	1
秒	1
天主教界	1
神长	1
教友	1
揭批	1
巨威	1
举债	1
额度	1
稳健	1
缩减	1
扩增	1
黄耀辉	1
检讨	1
打起	1
横	1
幅	1
亚利桑那州	1
卢克	1
受训	1
试探	1
巷道	1
沉闷	1
响声	1
气流	1
卷	1
煤渣	1
粉尘	1
袭来	1
合营者	1
分得	1
净利润	1
采集	1
李南淳	1
学会	1
美中	1
组织者	1
记忆	1
展出	1
氏	1
紧随	1
铺垫	1
尊生	1
贵德	1
现世	1
功德圆满	1
同台	1
道主	1
服众	1
防火墙	1
吸引力	1
低级	1
无立足之地	1
任凭	1
通畅	1
宙斯盾	1
安全性	1
可靠性	1
废约	1
吉布提	1
盖莱	1
比达	1
华商	1
惟一	1
公允	1
换装	1
刺针	1
dms	1
二胆	1
外岛	1
针锋相对	1
着急	1
内蒙古	1
据实	1
减免	1
受灾	1
企业化	1
学到	1
纵观	1
巴中	1
灌溉	1
赶上	1
流泪	1
贾教授	1
尹鸿祝	1
宋庆龄	1
主动性	1
梅茨格	1
取证	1
方洁	1
彭山县	1
兰某	1
派款	1
许成富	1
陈勇	1
兰绑架	1
存有	1
互致	1
丑陋	1
充裕	1
间接	1
先发制人	1
吴建民	1
高峰会	1
调	1
四百九十七亿	1
二百七十二亿	1
演进	1
行家	1
里手	1
成果奖	1
评奖	1
权法	1
第二十五	1
统揽	1
放在	1
靳如	1
超乘车	1
鹿泉市	1
黄壁庄	1
乡北	1
砂	1
加工点	1
靳如超	1
公害	1
神话	1
派系性	1
李荣融	1
严实	1
细	1
思维敏捷	1
严谨	1
儒雅	1
配额制	1
赵晋平	1
复苏	1
二十四日	1
杨应琳	1
召见	1
代办	1
奥德韦	1
外交官	1
驱逐	1
倒酶	1
皮鞋	1
喝	1
毒	1
过半	1
权威主义	1
楷模	1
订单	1
股价	1
上扬	1
大伞	1
直面	1
赫姆斯	1
质询	1
前确	1
当真	1
迫使	1
探望	1
联络处	1
猪	1
牛	1
偶蹄	1
连环	1
控制区	1
报复性	1
火上浇油	1
孱弱	1
体质	1
特务	1
藏区	1
苏方	1
对内	1
塔哈	1
接纳	1
哥斯达黎加	1
萨尔瓦多	1
代表性	1
过场	1
呼兰	1
甘南	1
缴获	1
摇头丸	1
合纵联横	1
倾轧	1
掣肘	1
耗费	1
涉华	1
波顿	1
力倡	1
布殊	1
张高丽	1
晋	1
一厢情愿	1
押注	1
试炼	1
登机	1
舰长	1
姜国	1
平	1
率舰	1
问道	1
保养	1
坠毁	1
定性	1
来犯	1
段辉	1
九十七	1
摸索	1
五百多	1
投票者	1
县里	1
乡级	1
简章	1
名额	1
任职	1
自荐	1
二十八	1
县直	1
阎学通	1
检视	1
小布希	1
疏离	1
面远	1
合作面	1
外机	1
歼八	1
拗	1
知难而退	1
阿卜杜拉	1
哈利法	1
阿勒萨尼时	1
防患于	1
未然	1
恃	1
多时	1
拦阻	1
机毁	1
人亡	1
驶离	1
排查	1
手软	1
中南美洲	1
圣地亚哥	1
轻工	1
基调	1
机内	1
照常	1
美化	1
不对称	1
对称性	1
身手	1
陈虎	1
暗合	1
宜	1
华美	1
辟	1
版面	1
武官	1
车程	1
谜	1
机时	1
从天而降	1
归	1
香港岛	1
联合会	1
交代	1
县城	1
陵水县	1
东线	1
右幅	1
因受	1
贺龙	1
冤案	1
株连	1
阿罗约	1
菲中	1
运动者	1
前前后后	1
青鸟	1
安金龙	1
除非	1
软化	1
银河	1
启程	1
阿巴斯港	1
黄镇东	1
救捞	1
烟台	1
救助站	1
落水	1
霸权主义者	1
某部	1
中队长	1
撞毁	1
秀丽	1
铜矿	1
遐迩闻名	1
嗣后	1
不公	1
加诸	1
深重	1
厄尔尼诺	1
拉尼娜	1
频发	1
气体	1
调转	1
撞击	1
航空器	1
源于	1
臆造	1
张曦握	1
王	1
蔡亲耀	1
抵近	1
赵宇	1
侦听	1
次仁卓嘎	1
珠康	1
活佛	1
体验	1
相对于	1
热络	1
冷冷冰冰	1
出奇	1
低调	1
不欢而散	1
自私	1
萨尔迪瓦	1
参议长	1
驻智	1
日志	1
平方公里	1
产	1
葡萄酒	1
吕丕森	1
一边	1
防疫	1
路程	1
驱车	1
白天	1
二十二时	1
四十五分	1
使领馆	1
喇嘛	1
实为	1
李冬民	1
李克强	1
刘鹏	1
赵实	1
学术界	1
审定	1
泥沼	1
解难	1
典故	1
克拉克	1
霍尔克里	1
半山腰	1
枯树	1
挂	1
疙瘩	1
野果	1
就地	1
处决	1
送往	1
服刑	1
陶文钊	1
版	1
神国	1
古代史	1
糊弄	1
受害者们	1
欺压	1
黑恶势力	1
合流	1
五万	1
邮件	1
地税局	1
指使	1
打手	1
苦不堪言	1
同德拉鲁阿	1
谨向	1
升高	1
冷却	1
剧本	1
海区	1
瞪大	1
自命	1
相称	1
出炉	1
呼应	1
存底	1
输家	1
越发	1
肇事	1
主管们	1
福州市	1
公安局	1
宣判	1
五十四	1
一百	1
西门子	1
壳牌	1
松下	1
电器	1
abb	1
英特尔	1
爱立信	1
着实	1
失踪	1
挂心	1
牵动	1
斗志	1
战员	1
战友	1
挚爱	1
一次次	1
驾机	1
赞誉	1
美丽	1
好客	1
反腐	1
排名	1
毁坏	1
残骸	1
你家	1
偷窥	1
坦然	1
声望	1
指称	1
全然	1
忘怀	1
扎什伦布寺	1
调度室	1
报价	1
盛气凌人	1
大学生	1
致歉	1
冰冷	1
家里	1
外宾	1
渔民	1
陈联志	1
亲人	1
母女	1
同行	1
地毯	1
军乐队	1
奏古	1
许琳华	1
王琳	1
至高无上	1
尚慕杰	1
置于	1
脑后	1
旅法	1
刊物	1
凶残	1
大义	1
凛然	1
坚贞不屈	1
大无畏	1
经社会	1
古方	1
为鉴	1
试想	1
整天	1
飞来飞去	1
生还	1
报答	1
谢瓦尔德纳泽	1
加勒比海	1
无生	1
高燕	1
临时性	1
刊登	1
来信	1
委	1
检阅台	1
查韦斯	1
置身	1
事外	1
出乎	1
换取	1
至此	1
例证	1
海天	1
奉献	1
范利平	1
田萱	1
商量	1
封信	1
安慰	1
转告	1
儿媳	1
阿不来提	1
职守	1
社科院	1
后续	1
高赫	1
金灿荣	1
拆去	1
炒	1
罄竹难书	1
河山	1
浩劫	1
试问	1
多维化	1
微波	1
可视化	1
若斯潘	1
制造者	1
滥杀	1
夺人	1
性命	1
饶恕	1
钓鱼台	1
国宾馆	1
农庄	1
振振有辞	1
失业率	1
攀升	1
纷赴	1
专栏	1
廿四日	1
上场	1
延伸	1
训练场	1
演讲会	1
惨	1
奴役	1
其三	1
参照	1
金融业	1
就绪	1
航运	1
治爆缉	1
枪	1
亵渎	1
自恃	1
反感	1
壮歌	1
安然无恙	1
封	1
各执一词	1
想象	1
部位	1
故障	1
偏离	1
阿卜杜勒	1
邻居	1
卢树民	1
飞越	1
辩解	1
重用	1
形单	1
影吊	1
公事	1
阿布杜勒	1
沉船	1
污染者	1
推卸	1
独有	1
无可避免	1
某师	1
军种	1
联训	1
岛外	1
一介平民	1
绞尽脑汁	1
治病	1
台上	1
兵学习	1
王津平	1
游荡	1
不甘寂寞	1
爱女	1
遽然	1
后半夜	1
醒来	1
想起	1
孝顺	1
女儿	1
不知不觉	1
打湿	1
枕巾	1
铁拳	1
不堪一击	1
侦破	1
李泽军	1
抢劫	1
杀人	1
九泉之下	1
有知	1
闭眼	1
安息	1
陕西省	1
井下	1
媒本	1
五十余	1
枪决	1
写作	1
随军	1
像样	1
服务社	1
湖州	1
含泪	1
如愿以偿	1
全身心	1
钻研	1
高难	1
技巧	1
挥洒自如	1
慈祥	1
圣诞	1
送去	1
祝福	1
平安	1
祥和	1
头等	1
追踪	1
船只	1
闯入	1
领海	1
恶战	1
打好	1
贸易区	1
期内	1
老一代	1
召到	1
官邸	1
外务省	1
河野	1
孤立	1
廉价	1
看准	1
司机	1
一路	1
车载	1
收音机	1
频道	1
水兵	1
卫国	1
警钟	1
长鸣	1
耳畔	1
献给	1
互助	1
由来	1
空域	1
头面	1
抵赖	1
门外	1
全文	1
修正	1
子弟兵	1
邓肯	1
坎贝尔	1
大半生	1
撰写	1
巴拉圭	1
中非	1
猎取	1
博惕彻	1
窃听	1
政治家们	1
列	1
玩笑	1
刀	1
歹徒	1
躲	1
艺术性	1
帝制	1
皇帝	1
王朝	1
尸臭	1
毒化	1
骑士	1
助推	1
金马一带	1
军代室	1
军工厂	1
军装	1
军代表	1
潜舰	1
纪德舰	1
远距	1
参谋总长	1
汤曜明	1
立法院	1
神盾舰	1
党政军	1
巴桑	1
杨传堂	1
向巴平措	1
江措	1
马光华	1
金中坚赞	1
吴传玖	1
体病	1
心病	1
政治病	1
思日病	1
心心相印	1
陈李	1
很少	1
差劲	1
免职	1
落实江	1
关中	1
钻进	1
圈套	1
自拔	1
害己	1
为重	1
森	1
大失所望	1
萧规曹随	1
扩张性	1
紧跟党	1
反扑	1
abc	1
告诫	1
国安植基	1
尹乃菁	1
羊晓东	1
吴典蓉	1
郭	1
低价	1
罚没	1
大连市	1
商品房	1
李访日	1
奉劝	1
迷信	1
张志芹	1
老伴	1
痛悔	1
痛恨	1
农历	1
张延杰	1
冠心病	1
治疗	1
病愈	1
暂停	1
版权	1
有效期	1
造大	1
沾	1
毫不	1
犹豫	1
援手	1
穆罕默德	1
心甘情愿	1
当人	1
棋盘	1
丑行	1
德荷	1
其一	1
中上层	1
汪	1
工作酞	1
东西酞	1
王京	1
石永红	1
江苏省	1
镇江市	1
罪魁祸首	1
旅日	1
反共	1
不管是	1
强硬派	1
情报界	1
智囊团	1
助手	1
皇国	1
史观	1
星级	1
宾馆	1
平方米	1
商场	1
写字楼	1
预案	1
报上	1
三十八	1
辛丑	1
刻骨	1
铭记	1
引得	1
胁迫	1
结婚	1
存续	1
婚前	1
第三十	1
婚	1
婚后	1
青年团	1
小学	1
辅导员	1
第十八	1
前款	1
整理	1
归入	1
第十九	1
自然人	1
受益人	1
金立群	1
贫	1
纳税人	1
司马义	1
艾买提	1
闻一多颂	1
朱自清颂	1
王大中	1
有志	1
报以	1
代代	1
李若谷	1
例会	1
原则性	1
灵活性	1
交易所	1
半信半疑	1
夏	1
偏远	1
派专人	1
就近	1
线程	1
控网	1
一目了然	1
牵制	1
露骨地	1
三八	1
得意洋洋	1
口才	1
吕	1
千千万万	1
快助反	1
类似于	1
屈	1
浑身	1
演技	1
驻南	1
结尾	1
吃饭	1
辈子	1
赖昌星	1
幼	1
牟	1
新生牟	1
灭掉	1
椭圆形	1
百日	1
烟草商	1
注	1
红心	1
偿还	1
砒霜	1
输掉	1
普选	1
人团	1
底线	1
唐县	1
天水	1
采荷	1
湖	1
畔	1
小区	1
经社	1
二十余	1
青年节	1
设身处	1
谅解	1
费加罗报	1
龃龉	1
数亿多	1
寺庙	1
有罪	1
指为	1
德州	1
牛仔	1
锦囊妙计	1
广交会	1
品牌	1
实用	1
工党	1
举棋不定	1
暧昧	1
医生	1
侮辱	1
医疗界	1
殆尽	1
数据库	1
存放	1
对江	1
印度产	1
帐簿	1
信用	1
轻言	1
署名	1
中匈	1
强加于	1
演讲酞	1
方位	1
无往	1
扩充	1
杨玉坤	1
找普	1
普提出	1
倾向性	1
弹性	1
粮棉油	1
教育法	1
口头	1
背道而驰	1
其间	1
杀机	1
令廿	1
昌盛	1
萧万长	1
暨京台	1
黑市	1
卖出	1
获款	1
交回	1
体改委	1
证交所	1
恶潮	1
临近	1
小山	1
摄氏	1
脸颊	1
渗出	1
滴滴	1
汗水	1
程控	1
交换机	1
赞颂	1
阿拉伯海	1
举世	1
农奴制	1
法典	1
下等	1
人命价	1
草绳	1
刘国胜	1
特级	1
飞过	1
机型	1
副市长	1
周慕尧	1
豫园	1
商城	1
规划馆	1
复旦	1
夏丽玛	1
场白	1
名城	1
始建于	1
公元	1
美誉	1
习惯于	1
老大自居	1
个中	1
原委	1
深奥	1
弄清楚	1
当事者迷	1
为奇	1
商讨	1
塔拉尔	1
全程	1
某团	1
骄子们	1
天空	1
惊心动魄	1
空战	1
施泰纳	1
碰	1
钉子	1
迈步	1
违宪	1
沿途	1
挥舞	1
相依	1
加德满都	1
卡莱尔	1
息息相关	1
哈达姆	1
专机	1
脑汁	1
杨文昌	1
时延春	1
赵承	1
陈雅妮	1
李荣	1
宝钢	1
竣工	1
战神	1
天眼	1
新奇	1
柔弱	1
规范化	1
家族式	1
拳	1
赵仁家	1
岳培民	1
邰爱国	1
香芳	1
王志新	1
姚新章	1
迪萨纳亚克	1
自由党	1
马尔代夫	1
奥地利	1
情景	1
重逢	1
五十三	1
四十三	1
赞成票	1
好多	1
无记名	1
背叛	1
赶走	1
台军方	1
幻影	1
制空	1
机种	1
高空	1
协调员	1
印中	1
自嘲	1
戏弄	1
外交家们	1
小泉纯一郎	1
好梦	1
圆	1
设想	1
游说团	1
满载	1
归途	1
电信日	1
赵梅庄	1
电信法	1
商务法	1
前期	1
做起	1
发起人	1
权属	1
云云	1
一万零三百九十三	1
心生惶恐	1
跨进	1
逢	1
地得其利	1
瓦尔斯特伦	1
顽固不化	1
浮躁	1
金边	1
柬埔寨人	1
从旁	1
吏治	1
鹰派	1
滚动	1
焕然一新	1
友邦	1
陈博志	1
陈俊光	1
蓬头垢面	1
沉醉于	1
聊天	1
流行	1
泥沙俱下	1
小视	1
四分之三	1
不择手段	1
逞	1
久远	1
运回	1
有损	1
险	1
塌方	1
泥石流	1
川藏线	1
铺上	1
黑色	1
路面	1
乞丐	1
八廓街	1
这儿	1
达千余	1
粮仓	1
养肥	1
领主	1
过滤	1
断言	1
为时过早	1
了摩	1
拉迪	1
奥卡沙	1
以及摩	1
独立党	1
无可置疑	1
反败为胜	1
束缚	1
高检	1
打出	1
震慑	1
金中	1
坚赞	1
昌都	1
随阿沛	1
全权	1
李维汉	1
一九五一年	1
不妥	1
勤政殿	1
设宴	1
班禅	1
滑	1
形神	1
灭	1
永驻	1
屋脊	1
蔡汉银	1
徐文良	1
杨彪	1
阎金久	1
查果拉	1
吴鹏	1
血色素	1
正常值	1
四人帮	1
蹂躏	1
宁	1
勿	1
公用	1
失灵	1
甚微	1
核试	1
引火烧身	1
玩牌者	1
约翰霍普金斯	1
地走	1
光明	1
顺乎	1
李议长	1
田中	1
思想家	1
与日俱增	1
粗暴	1
恭维	1
无奈	1
无力	1
洲	1
过长	1
为准	1
勇气	1
辍	1
伽马	1
概论	1
着作	1
消	1
热地	1
阻隔	1
印度人	1
任期制	1
别尔米诺夫	1
辖	1
返还	1
盈余	1
转为	1
逃亡	1
rc	1
落伍	1
减刑	1
假释	1
暂予	1
监外	1
好处费	1
欠款	1
挥霍	1
辛劳	1
鲜为人知	1
台军	1
师团职	1
跳槽	1
中将	1
惩罚	1
历任	1
重话	1
蒋介石	1
赶到	1
两样	1
法西斯主义者	1
壳	1
换壳	1
讲给	1
择业	1
家家	1
成其为	1
陈善庄	1
消长	1
孙勇军	1
压倒	1
精锐	1
包	1
省军区	1
卫戍区	1
尽职尽责	1
上帝	1
女人	1
权力欲	1
主宰	1
教主	1
勃勃	1
要旨	1
照着	1
请愿	1
诉求	1
一无所知	1
减低	1
保安	1
顾及	1
坐落	1
千代田区	1
祭祀	1
明治	1
维新	1
外移	1
比兰德拉	1
中尼	1
怀念	1
英烈	1
井冈山	1
等同	1
北大西洋	1
算数	1
误判	1
孙快	1
孙松璞掌	1
分署	1
反独	1
反霸	1
操持	1
纷争	1
脱出	1
枝枝	1
节节	1
纷乱	1
本末	1
问问	1
最低	1
扮演曝	1
异端	1
裁判所	1
教	1
争得	1
五三年	1
伞兵	1
三栖	1
攻占	1
李国强	1
积淀	1
典型性	1
普及性	1
经济学界	1
饮料	1
占有率	1
余下	1
海尔	1
冰箱	1
手机	1
供应商	1
配系	1
寥寥无几	1
好感	1
地下水	1
水质	1
加重	1
贝尔	1
哥伦比亚	1
孤岛	1
海面	1
估算	1
四五千亿	1
纸上谈兵	1
姚仁安	1
坦言	1
霸权国	1
清廷	1
从中	1
作保	1
一九七年	1
圣彼得堡	1
事宜	1
原属	1
安多	1
青海省	1
缘故	1
占取	1
支持率	1
回族	1
穆尔	1
十一月份	1
哥	1
经济体	1
海南省	1
在逃	1
六百三十一	1
一千一百九十七	1
邻近	1
闽南	1
永葆	1
青春	1
好不容易	1
转好	1
藏民	1
归功	1
一九五九年	1
赫尔姆斯伯顿	1
主掌	1
发难	1
古代	1
濒临	1
灭亡	1
松江	1
大学城	1
科技馆	1
沉着	1
王室	1
血案	1
想像	1
订下	1
困局	1
死胡同	1
质优价廉	1
法德	1
神剑	1
生日	1
趟	1
浑水	1
非派	1
老手	1
回合	1
一九八一年	1
密特朗	1
战情	1
中枢	1
体认	1
沙滩	1
群群	1
将士	1
腾挪	1
跳跃	1
喊声	1
震天	1
围坐	1
东山县	1
黄双庆	1
回乡	1
退伍	1
老兵	1
谢	1
老王	1
后方	1
核动力	1
移至	1
固执	1
五角	1
向后	1
麦氏	1
领悟	1
大使级	1
升格	1
胡延新	1
田源	1
齐心协力	1
漠不关心	1
卡塔尔	1
陈清泰	1
赵华胜	1
俄制	1
三零零	1
平分秋色	1
空文	1
实证性	1
胜任	1
各取所需	1
庆阳	1
地委	1
惯用	1
手法	1
上收	1
吹响	1
进军号	1
成份	1
松动	1
大加	1
古今	1
农牧区	1
汇报会	1
克雷格	1
曝光	1
确凿	1
证据	1
大同	1
存小异	1
空白点	1
绝对化	1
翌年	1
哈萨克斯坦	1
聚会	1
庄严	1
词典	1
收录	1
不足为奇	1
外逃	1
心存偏	1
中国化	1
佐证	1
运输机	1
自尊	1
称颂	1
主产区	1
总产	1
林木	1
保苗	1
造林	1
戈尔诺	1
卡拉巴赫	1
地区性	1
默契	1
休整	1
尾声	1
美苏	1
代表法	1
不信邪	1
压	1
米特雷娃	1
盛情款待	1
爱尔兰	1
尼斯	1
十三	1
付诸实践	1
高利贷	1
雄鹰	1
扬弃	1
取其	1
糟粕	1
蒸蒸日	1
朱华颖	1
联谊	1
部委	1
被召	1
决策层	1
招聘	1
录取	1
评核	1
开除	1
喊	1
告终	1
笑话	1
幸免	1
挖潜	1
言外之意	1
开天辟地	1
女	1
猜测	1
叫做	1
咀嚼	1
中等	1
偏下	1
应诉	1
补上	1
课	1
况且	1
数额	1
三中	1
同盟者	1
蔡慧贞	1
t	1
妥善率	1
监察院	1
纠正案	1
推测	1
渐进	1
挑选	1
师里	1
帷幕	1
山高	1
路远	1
可贵	1
保护主义者	1
孤立主义者	1
促进权	1
八时许	1
外双溪	1
翠山庄	1
别墅	1
九时半	1
洪斌	1
盘查	1
镇定	1
自若	1
公仆	1
回想	1
了不起	1
夜里	1
板凳	1
打个盹	1
献花	1
出人意料	1
跪	1
流出	1
忏悔	1
常理	1
前车之鉴	1
后事之师	1
宣传网	1
紫光阁	1
她们	1
有待	1
布什主义	1
断定	1
水上	1
船载	1
正规	1
非正规	1
监测	1
击沉	1
攻击机	1
动靶	1
援外	1
逆	1
派出所长	1
公安厅	1
副厅长	1
严酷	1
残暴	1
对立	1
饱经	1
欺凌	1
凝结	1
高院	1
驳回	1
上诉	1
原判	1
主犯	1
翻身	1
社情	1
三百多万	1
节日	1
对口	1
生殖	1
避孕	1
选择权	1
不重	1
复建	1
殷实	1
人心所向	1
饱含	1
语重心长	1
把关	1
中层	1
古国	1
交往史	1
重访	1
血统	1
看有	1
借重	1
人脉	1
增添	1
招商	1
绩效	1
带起	1
一查到底	1
国法	1
严惩不贷	1
阵痛	1
用电	1
潘演	1
田纪云	1
周光召	1
曹志	1
大员	1
至死	1
誓不两立	1
口舌	1
和事老	1
播送	1
恰	1
成因	1
田滏明	1
举出	1
病历	1
植皮	1
手术	1
自体皮	1
开车	1
扑	1
强奸	1
冲绳县	1
南部	1
禁运	1
限量	1
财路	1
出口量	1
仍旧	1
欧佩克	1
披上	1
各式各样	1
外衣	1
练就	1
火眼金睛	1
明辨	1
是非	1
检举	1
拆分	1
竭	1
感谢江	1
扎农	1
飞虎队	1
康润平	1
魏永平	1
等级制	1
自制	1
火枪	1
手枪	1
凶器	1
洽商	1
数千万	1
眼界	1
胸襟	1
再现	1
二战	1
久拖不决	1
悉心	1
苦干	1
苦熬	1
十数亿	1
林浊水	1
属性	1
李系	1
政团	1
重叠	1
大葱	1
鲜	1
香菇	1
蔺草席	1
良苦	1
转军	1
李大光	1
定员	1
实有	1
兵员	1
阮富仲	1
盛情	1
前段	1
出书	1
宋	1
统一派	1
自卫权	1
乘机	1
苛刻	1
火	1
右宣	1
随团	1
真心诚意	1
舒兰	1
矿务局	1
煤质	1
畅	1
下面	1
滞留	1
旅客	1
九三	1
缓	1
网络化	1
威信	1
马绍尔	1
夸贾林	1
环礁	1
观乎	1
养出	1
大兵	1
越位	1
缺位	1
彰显	1
尽力	1
港督	1
法西斯主义	1
萧条	1
狭隘	1
明	1
贷款率	1
拯救者	1
心存	1
感念	1
有朝一日	1
坛南端	1
入口	1
拾阶	1
尽情	1
歌舞	1
挥手	1
主办权	1
香港化	1
回报	1
卡迪什	1
变暖	1
五月份	1
百分之三点五	1
出乎意料	1
降到	1
百分之八	1
王冶坪	1
克列巴诺夫	1
东扩	1
统计局	1
副局长	1
邱晓华	1
房山区	1
阎村镇	1
开古庄村	1
徐立苹	1
一大早	1
赶来	1
携起	1
个体户	1
厂商	1
北空	1
片断	1
迷蒙	1
雾色	1
铁灰色	1
海岛	1
最高层	1
教廷	1
高邮	1
外需	1
年富力强	1
反法西斯	1
祝酒词	1
再则	1
驭手	1
摆上	1
团党委	1
议事	1
二零零一年	1
二零零八年	1
乐成	1
士气	1
科学家们	1
制备	1
二百一十	1
铋系	1
高温	1
超导	1
长带	1
电阻	1
副局级	1
试用期	1
宿命	1
天线	1
接收	1
主干	1
全长	1
四千	1
起自	1
塔里木	1
轮南	1
油田	1
白鹤镇	1
洗牌	1
夏都	1
战云密布	1
张德江	1
不遗余力	1
推销	1
五十八	1
天然	1
青稞	1
萝卜	1
白菜	1
水果	1
稀有	1
站稳	1
有幸	1
推动摩	1
甘心	1
偃旗息鼓	1
营建	1
两百一十亿	1
热潮	1
直通	1
对讲	1
时效	1
随户	1
国峰	1
特区报	1
惨痛	1
中摩	1
邱维	1
入骨	1
挟	1
毒瘤	1
公敌	1
乌愿	1
例子	1
教室	1
破旧	1
课桌	1
凳子	1
欠发	1
津贴	1
费	1
阜阳	1
飞往	1
行程	1
谷底	1
雅尔塔	1
马尔	1
倒	1
旺盛	1
抵消	1
增势	1
敏锐	1
奏	1
鸣	1
礼炮	1
响	1
永恒	1
见不得人	1
美籍	1
赶出	1
大派	1
有趣	1
钟坚	1
透明化	1
兰特	1
惟	1
巨头	1
扭头	1
搞不清	1
武拒	1
一千一百	1
资讯	1
征调	1
民兵	1
网路	1
骇客战	1
cims	1
灰	1
首季	1
负	1
成果卓	1
易发	1
多发期	1
居留权	1
终审	1
衰退	1
病夫	1
歧视性	1
长途	1
面带	1
倦容	1
三藩市	1
兴致	1
万事俱备	1
欠	1
理查德	1
久闻大名	1
如雷贯耳	1
平坦	1
总的看	1
阻滞	1
陈静	1
张朔	1
科林鲍威尔	1
搞成	1
外交界	1
解释权	1
读书会	1
忙碌	1
距离感	1
应答	1
关厂	1
歇业数	1
调研	1
非对抗	1
常轨	1
征兆	1
乔治沃克布什	1
二十六日	1
武拒统	1
彭光谦	1
恐惧	1
不安全	1
单独	1
断	1
比率	1
五成三比二成九	1
三成四	1
四成七	1
姐夫	1
国家化	1
苏志荣	1
职业化	1
志愿兵	1
潜艇派	1
核导弹	1
兼有	1
齐备	1
村级	1
民选	1
乡村	1
杂税	1
美商	1
二零零五年	1
六百亿	1
企业法	1
删除	1
存在于	1
胜利者	1
主意	1
环	1
结成	1
停靠	1
搏	1
可悲	1
浓	1
现成	1
储蓄率	1
中后期	1
需求量	1
研讨班	1
力挽狂澜	1
舍	1
奋发图强	1
捎来	1
口信	1
国书	1
丁刚	1
张静宇	1
凯利	1
繁忙	1
赵景伦	1
思想库	1
融为	1
一体	1
干部们	1
求成	1
水性	1
躲藏	1
乔装	1
述说	1
目击	1
超脱	1
台安法	1
拜登不然	1
提自	1
低迷不振	1
江续	1
俄西伯利亚	1
干线	1
酋长国	1
干吗	1
紧跟	1
梯次	1
登岛	1
图片展	1
澳洲	1
结盟	1
乃	1
卡	1
陈如娇	1
指控	1
无罪	1
审问	1
微不足道	1
六千五百万	1
三千万	1
景象	1
专利权	1
行销	1
通路	1
矿灾	1
死难者	1
尸骨	1
昨晨	1
抬出	1
浸泡	1
腐烂	1
五十六	1
白克明	1
社长	1
好比	1
优胜	1
劣汰	1
重任	1
利国	1
利民	1
变节	1
铁幕	1
撕开	1
南丹	1
驻桂	1
打听	1
急忙	1
躲避	1
潘志平	1
宝立生	1
大体	1
穆斯林	1
意向	1
检查院	1
逮捕令	1
医务	1
关进	1
六百二十多亿	1
暑期	1
挑剔	1
绝大部分	1
测序	1
序列	1
覆盖率	1
奎格利	1
参观者	1
资料馆	1
声光	1
电化	1
惨景	1
终日	1
燃烧	1
息	1
火炬	1
戚三番五次	1
乐东	1
戚火	1
权重	1
说一不二	1
土皇帝	1
红色	1
代码	1
病毒	1
windows	1
nt	1
桥本	1
龙酞郎	1
大臣	1
旗号	1
本土化	1
设法	1
松绑	1
解禁	1
冲破	1
深谋远虑	1
藉着	1
施压	1
味道	1
西方式	1
公墓	1
死者	1
墓地	1
神社	1
星期	1
急匆匆	1
修补	1
威风	1
唱起	1
巴伐洛堤	1
馆长	1
赵春兰	1
尴尬	1
悄悄	1
南空	1
到头	1
辛辛苦苦	1
砸	1
锅	1
狡猾	1
耍出	1
花招	1
运载	1
接二连三	1
复活	1
表白	1
八一七	1
名存实亡	1
撑腰	1
中流	1
停刊	1
蒂固	1
景	1
日领馆	1
向日	1
领馆	1
抗议书	1
归咎于	1
次子	1
库赛	1
继任	1
进城	1
年轻型	1
摊开	1
呀	1
矿区	1
陈洪彪	1
递烟	1
送水	1
亮	1
送来	1
热腾腾	1
早餐	1
矿长	1
黎家西	1
进水	1
死人	1
涌水	1
围观	1
散离	1
新德里	1
佐利克	1
拉拢	1
印度尼西尼	1
锁链	1
训法	1
指挥员们	1
警醒	1
责怪	1
名称	1
控制力	1
博大	1
胸怀	1
爱惜	1
战伐	1
凌志	1
住地	1
搜查	1
徐文贤	1
计画	1
定案	1
王礼恒	1
称做	1
c	1
贵州	1
吉方	1
博鲁巴耶夫	1
多星	1
星座	1
实时性	1
管理层	1
马方	1
南中国海	1
论坛方	1
宣讲团	1
入情入理	1
透	1
宣讲	1
骄人	1
洗刷	1
往日	1
划动	1
沉下	1
小分队	1
右侧	1
滩涂	1
上岸	1
夜间	1
夜视仪	1
平面	1
三维	1
多维	1
协调性	1
可控性	1
增大	1
切入点	1
剩余	1
价值论	1
经济学	1
史上	1
闪耀	1
防犯	1
总署	1
经营者	1
森严	1
航舰	1
达福	1
克兰	1
一同	1
鬼子	1
后遗症	1
近似	1
迈上	1
隔离	1
规限	1
最少	1
作案	1
如上	1
二十五日	1
歌舞厅	1
三百零九	1
洛阳	1
葬身	1
火海	1
内贸	1
配送	1
须经	1
失业者	1
再就业	1
有用	1
八一	1
赶往	1
抚州	1
欧洲人	1
归宿	1
通气会	1
时尚	1
越加	1
方瑾黄庭满余瑛瑞	1
归根到底	1
无偿	1
量化	1
吞噬	1
诱发	1
疾病	1
称谓	1
改称	1
为名	1
总理率	1
首选地	1
瑞丽	1
开入	1
装入	1
板条	1
核武器库	1
后悔	1
刘淑文	1
停顿	1
评定	1
fbi	1
被动	1
不绝于耳	1
上列	1
报刊	1
准军事	1
祗会	1
后劲	1
拼凑	1
编织	1
包围圈	1
连带	1
顾大局	1
崇信	1
合情	1
法学	1
